id,name,cuisine,flavor_tags,scene_tags,diet_tags,feature_tags,budget_level,cook_time_minutes,difficulty,ingredients,is_spicy,is_vegetarian,calorie_level,description
1,番茄牛腩饭,家常,鲜香|家常,双人晚餐|家庭晚餐,均衡饮食|下饭解馋,正餐|下饭|家常|治愈|双人,中等预算,45,中等,牛腩|番茄|土豆|洋葱,0,0,中等,酸甜的番茄汤汁很下饭，适合认真做一顿舒服晚餐。
2,蒜香鸡胸沙拉,轻食,蒜香|清淡,一个人吃|健身准备餐,减脂清爽|高蛋白增肌,轻食|高蛋白|清爽|一人食|快手,中等预算,20,简单,鸡胸肉|生菜|玉米|小番茄,0,0,低,高蛋白又不厚重，适合忙碌工作日的轻负担晚餐。
3,麻婆豆腐,川菜,香辣|重口,一个人吃|家庭晚餐,下饭解馋|均衡饮食,正餐|咸口|下饭|香辣|解馋|快手,低预算,15,简单,豆腐|牛肉末|豆瓣酱|花椒,1,0,中等,做法快而且味道足，非常适合想吃点刺激口味的时候。
4,虾仁滑蛋,家常,鲜香|家常,一个人吃|双人晚餐,均衡饮食|高蛋白增肌,正餐|高蛋白|鲜香|一人食|快手,中等预算,15,简单,虾仁|鸡蛋|葱,0,0,低,口感嫩滑，速度快，适合时间紧但又想吃得好一点。
5,烤南瓜藜麦碗,轻食,清淡|鲜香,一个人吃|健身准备餐,减脂清爽|均衡饮食,轻食|清爽|素食友好|一人食|轻负担,中等预算,30,简单,南瓜|藜麦|鹰嘴豆|菠菜,0,1,低,颜色明亮又有饱腹感，很适合想吃得轻盈一点的时候。
6,可乐鸡翅,家常,酱香|家常,双人晚餐|家庭晚餐,下饭解馋|朋友聚餐,正餐|家常|解馋|聚餐|分享,中等预算,30,简单,鸡翅|可乐|生抽|姜,0,0,中等,甜咸口很稳，基本不会踩雷，适合照顾多数人口味。
7,酸汤肥牛,川黔,香辣|鲜香,双人晚餐|朋友聚餐,下饭解馋|朋友聚餐,正餐|香辣|聚餐|解馋|热乎,高预算,25,中等,肥牛|金针菇|番茄|小米辣,1,0,高,酸辣开胃，聚餐氛围感很强，适合想吃得热闹一点。
8,香煎三文鱼配芦笋,西式,清淡|鲜香,双人晚餐|健身准备餐,高蛋白增肌|均衡饮食,正餐|高蛋白|精致|清爽|双人,高预算,25,中等,三文鱼|芦笋|柠檬|黑胡椒,0,0,中等,蛋白质和质感都在线，适合想吃得精致一点。
9,香菇青菜面,家常,清淡|家常,一个人吃|深夜加餐,夜宵安慰|均衡饮食,汤面|暖胃|一人食|夜宵|快手,低预算,15,简单,挂面|香菇|青菜|酱油,0,1,低,暖乎乎的一碗面很适合晚上收尾，做起来也没有负担。
10,韩式辣炒年糕,韩式,香辣|重口,朋友聚餐|深夜加餐,夜宵安慰|下饭解馋,夜宵|解馋|聚餐|重口|分享,低预算,20,简单,年糕|韩式辣酱|鱼饼|芝士,1,0,高,情绪价值很强，适合嘴馋或者想和朋友一起吃点热闹的。
11,菌菇豆乳锅,日式,清淡|鲜香,双人晚餐|家庭晚餐,均衡饮食|希望多素食,汤锅|暖胃|清淡|家庭|素食友好,中等预算,35,中等,豆乳|金针菇|香菇|白菜|豆腐,0,1,低,温和顺口，适合想吃暖一点又不太油的晚餐。
12,孜然牛肉土豆,家常,重口|蒜香,家庭晚餐|朋友聚餐,下饭解馋|朋友聚餐,正餐|重口|解馋|聚餐|家常,中等预算,30,中等,牛肉|土豆|洋葱|孜然,1,0,中等,香气很足，特别适合想吃一口就有满足感的家常热菜。
13,照烧鸡腿饭,日式,酱香|鲜香,一个人吃|双人晚餐,均衡饮食|下饭解馋,正餐|下饭|治愈|一人食|稳妥,中等预算,30,简单,鸡腿|西兰花|米饭|照烧汁,0,0,中等,甜咸平衡又很稳妥，适合工作日想吃点治愈系主食的时候。
14,咖喱土豆牛肉,日式,家常|重口,家庭晚餐|双人晚餐,均衡饮食|下饭解馋,正餐|下饭|家常|治愈|家庭,中等预算,50,中等,牛肉|土豆|胡萝卜|咖喱块,0,0,中等,酱汁浓郁又有饱腹感，很适合想认真吃顿饭的夜晚。
15,青柠虾仁意面,西式,鲜香|清淡,双人晚餐|一个人吃,均衡饮食|高蛋白增肌,正餐|清爽|高蛋白|精致|双人,高预算,25,中等,虾仁|意面|青柠|蒜,0,0,中等,酸香清爽，适合夏天或者想吃轻快一点的时候。
16,牛油果鸡蛋吐司,轻食,清淡|奶香,一个人吃|下午茶,均衡饮食|高蛋白增肌,早午餐|轻食|高蛋白|咖啡搭子|快手,中等预算,10,简单,牛油果|鸡蛋|全麦吐司|黑胡椒,0,0,低,做法很快，早餐和轻下午茶都很合适。
17,泡菜肥牛乌冬面,韩式,香辣|鲜香,一个人吃|深夜加餐,夜宵安慰|下饭解馋,汤面|暖胃|夜宵|香辣|解馋,中等预算,20,简单,泡菜|肥牛|乌冬面|洋葱,1,0,高,又辣又暖，特别适合晚上想吃点热乎又有满足感的东西。
18,芝士焗土豆泥,西式,奶香|家常,双人晚餐|朋友聚餐,夜宵安慰|朋友聚餐,热食|奶香|分享|治愈|聚餐,中等预算,35,简单,土豆|芝士|牛奶|黑胡椒,0,1,中等,奶香浓郁又很有安慰感，适合作为共享热食。
19,香煎豆腐蘑菇饭,轻食,鲜香|清淡,一个人吃|健身准备餐,减脂清爽|希望多素食,轻食|素食友好|清爽|一人食|省钱,低预算,20,简单,豆腐|蘑菇|糙米饭|酱油,0,1,低,素但不寡淡，适合预算友好又想吃得利落的时候。
20,冬阴功海鲜汤,泰式,酸甜|鲜香,双人晚餐|朋友聚餐,均衡饮食|朋友聚餐,汤锅|热乎|聚餐|异国风味|开胃,高预算,35,中等,虾|鱿鱼|蘑菇|椰浆,1,0,低,酸辣开胃又有热带风味，适合想吃点不一样的晚餐。
21,黑椒牛柳饭,港式,重口|酱香,一个人吃|双人晚餐,下饭解馋|均衡饮食,正餐|下饭|重口|一人食|快手,中等预算,25,简单,牛柳|彩椒|洋葱|黑椒汁,0,0,中等,下饭能力很强，是那种很少会出错的稳妥选择。
22,抹茶红豆千层蛋糕,甜品,甜香|奶香,下午茶|朋友聚餐,夜宵安慰|朋友聚餐,甜品|下午茶|仪式感|分享|茶点,高预算,60,困难,抹茶粉|淡奶油|红豆|鸡蛋,0,1,高,细腻又有层次感，适合把下午茶做得更有仪式感。
23,焦糖布丁,甜品,甜香|奶香,下午茶|一个人吃,夜宵安慰|均衡饮食,甜品|下午茶|治愈|一人食|奶香,低预算,25,简单,牛奶|鸡蛋|砂糖|香草精,0,1,中等,柔软顺口，适合想吃甜但又不想太复杂的时候。
24,草莓酸奶杯,甜品,果香|清淡,下午茶|一个人吃,减脂清爽|均衡饮食,甜品|下午茶|果香|轻负担|低糖感,低预算,10,简单,草莓|酸奶|燕麦|蜂蜜,0,1,低,颜色讨喜而且轻盈，下午嘴馋时很合适。
25,提拉米苏杯,甜品,奶香|甜香,下午茶|双人晚餐,夜宵安慰|朋友聚餐,甜品|下午茶|咖啡搭子|仪式感|分享,中等预算,30,中等,马斯卡彭|手指饼干|可可粉|咖啡液,0,1,高,咖啡香和奶香都很明显，适合有一点精致感的甜点时刻。
26,巴斯克芝士蛋糕,甜品,奶香|甜香,下午茶|朋友聚餐,夜宵安慰|朋友聚餐,甜品|下午茶|奶香|分享|治愈,中等预算,50,中等,奶油奶酪|淡奶油|鸡蛋|砂糖,0,1,高,外焦里软的口感很讨喜，是比较稳的聚会甜点。
27,肉桂苹果派,烘焙,甜香|果香,下午茶|家庭晚餐,夜宵安慰|朋友聚餐,甜品|下午茶|果香|茶点|分享,中等预算,55,中等,苹果|黄油|低筋面粉|肉桂粉,0,1,高,果香和黄油香很协调，适合天凉的时候配茶吃。
28,杨枝甘露,港式甜品,果香|甜香,下午茶|一个人吃,均衡饮食|夜宵安慰,甜品|下午茶|果香|清爽|一人食,中等预算,20,简单,芒果|西柚|椰浆|西米,0,1,中等,清爽中带一点甜，是很适合夏天的轻甜品。
29,芋泥麻薯盒子,甜品,奶香|甜香,下午茶|深夜加餐,夜宵安慰|朋友聚餐,甜品|下午茶|治愈|解馋|分享,中等预算,35,中等,芋头|麻薯|牛奶|淡奶油,0,1,高,绵密和拉丝感都很强，适合解馋和分享。
30,可颂三明治拼盘,西式,奶香|家常,下午茶|朋友聚餐,朋友聚餐|均衡饮食,轻正餐|下午茶|分享|咖啡搭子|聚餐,高预算,20,简单,可颂|火腿|芝士|生菜,0,0,中等,既能当轻正餐，也很适合下午茶时段一起分着吃。
31,伯爵红茶司康,烘焙,奶香|甜香,下午茶|一个人吃,均衡饮食|夜宵安慰,甜品|下午茶|茶点|咖啡搭子|一人食,低预算,35,简单,低筋面粉|黄油|伯爵茶|牛奶,0,1,中等,适合配茶配咖啡，属于安静但很耐吃的小点心。
32,巧克力熔岩蛋糕,甜品,甜香|奶香,下午茶|双人晚餐,夜宵安慰|朋友聚餐,甜品|下午茶|治愈|解馋|仪式感,中等预算,20,中等,黑巧克力|黄油|鸡蛋|低筋面粉,0,1,高,切开会流心，特别适合需要一点快乐奖励的时候。
33,椰香芒果糯米饭,东南亚甜品,甜香|果香,下午茶|一个人吃,夜宵安慰|均衡饮食,甜品|下午茶|果香|异国风味|一人食,中等预算,25,简单,芒果|糯米|椰浆|砂糖,0,1,中等,软糯和果香结合得很舒服，比较适合慢慢吃。
34,烤布蕾法式吐司,早午餐,奶香|甜香,下午茶|双人晚餐,夜宵安慰|均衡饮食,早午餐|下午茶|奶香|治愈|快手,中等预算,20,简单,吐司|鸡蛋|牛奶|砂糖,0,1,中等,甜度温和，做法也不复杂，适合懒一点的周末。
35,豆乳盒子蛋糕,甜品,奶香|甜香,下午茶|一个人吃,夜宵安慰|均衡饮食,甜品|下午茶|奶香|治愈|一人食,中等预算,30,简单,豆乳|奶油|蛋糕胚|黄豆粉,0,1,中等,豆乳香气很柔和，适合不想吃太厚重奶油的人。
36,黑糖珍珠奶冻,甜品,奶香|甜香,下午茶|深夜加餐,夜宵安慰|朋友聚餐,甜品|下午茶|奶香|解馋|分享,低预算,20,简单,牛奶|吉利丁|黑糖|珍珠,0,1,中等,口感软弹，做成冰凉版很适合下午和夜晚。
37,宫保鸡丁盖饭,川菜,香辣|酱香,一个人吃|双人晚餐,下饭解馋|均衡饮食,正餐|下饭|解馋|快手|一人食,中等预算,25,简单,鸡胸肉|花生|黄瓜|干辣椒,1,0,中等,酸甜辣兼具的经典下饭菜，适合工作日快速满足一顿。
38,番茄滑蛋汤面,家常,鲜香|清淡,一个人吃|深夜加餐,均衡饮食|夜宵安慰,汤面|暖胃|快手|一人食|清爽,低预算,18,简单,挂面|番茄|鸡蛋|青菜,0,1,低,带汤又温和，适合没胃口但想吃热乎一点的时候。
39,罗勒鸡肉帕尼尼,西式,鲜香|蒜香,一个人吃|下午茶,均衡饮食|高蛋白增肌,轻正餐|咖啡搭子|高蛋白|快手|一人食,中等预算,15,简单,鸡胸肉|罗勒酱|芝士|面包,0,0,中等,带一点烘烤香气，适合当轻午餐或咸口下午茶。
40,韩式牛肉拌饭,韩式,重口|鲜香,一个人吃|双人晚餐,下饭解馋|均衡饮食,正餐|下饭|解馋|一人食|高蛋白,中等预算,30,中等,牛肉|胡萝卜|菠菜|韩式辣酱,1,0,中等,配菜丰富又有层次，是稳妥的高满足感选择。
41,奶油蘑菇意面,西式,奶香|鲜香,双人晚餐|一个人吃,均衡饮食|夜宵安慰,正餐|奶香|治愈|精致|双人,中等预算,25,简单,意面|蘑菇|淡奶油|蒜,0,1,中等,奶香柔和，适合想吃得舒服一点但又不想太麻烦。
42,烤时蔬鹰嘴豆沙拉,轻食,清淡|果香,一个人吃|健身准备餐,减脂清爽|均衡饮食,轻食|清爽|素食友好|一人食|轻负担,中等预算,25,简单,鹰嘴豆|南瓜|羽衣甘蓝|油醋汁,0,1,低,有饱腹感但不沉重，适合轻松的一餐。
43,海鲜芝士焗饭,西式,奶香|鲜香,双人晚餐|朋友聚餐,朋友聚餐|均衡饮食,正餐|分享|奶香|聚餐|治愈,高预算,35,中等,虾仁|鱿鱼|米饭|芝士,0,0,高,香浓热乎，适合和朋友一起分着吃。
44,山药排骨汤,家常,清淡|鲜香,家庭晚餐|双人晚餐,均衡饮食|希望多素食,汤锅|暖胃|家庭|治愈|热乎,中等预算,60,中等,排骨|山药|胡萝卜|姜,0,0,中等,很适合想喝点汤、让整顿饭更温和的时候。
45,香辣口水鸡,川菜,香辣|蒜香,双人晚餐|朋友聚餐,下饭解馋|朋友聚餐,冷盘|香辣|解馋|分享|聚餐,中等预算,30,中等,鸡腿肉|花椒油|芝麻|黄瓜,1,0,中等,凉菜也能很有冲击力，适合搭配其他热菜一起吃。
46,照烧豆腐饭,日式,酱香|清淡,一个人吃|健身准备餐,均衡饮食|希望多素食,正餐|素食友好|一人食|快手|清爽,低预算,20,简单,豆腐|西兰花|米饭|照烧汁,0,1,低,味道柔和又有蛋白来源，很适合想吃素一点的时候。
47,柠檬蜂蜜气泡饮,饮品,果香|清淡,下午茶|一个人吃,均衡饮食|减脂清爽,饮品|下午茶|果香|清爽|快手,低预算,8,简单,柠檬|蜂蜜|气泡水|薄荷,0,1,低,清爽有提神感，适合炎热天气或下午犯困的时候。
48,冰美式咖啡,饮品,清淡|果香,下午茶|一个人吃,均衡饮食|高蛋白增肌,饮品|咖啡搭子|提神|一人食|快手,低预算,5,简单,浓缩咖啡|冰块|水,0,1,低,很适合作为工作日下午的提神搭子。
49,热拿铁,饮品,奶香|清淡,早上|下午茶,均衡饮食|夜宵安慰,饮品|咖啡搭子|奶香|治愈|快手,低预算,8,简单,浓缩咖啡|牛奶,0,1,中等,暖暖的一杯很适合早晨或者想放松一下的时候。
50,抹茶拿铁,饮品,奶香|甜香,下午茶|一个人吃,均衡饮食|夜宵安慰,饮品|下午茶|奶香|治愈|快手,中等预算,10,简单,抹茶粉|牛奶|糖浆,0,1,中等,茶香和奶香都比较柔和，适合下午放松。
51,肉松小贝,烘焙,咸香|奶香,下午茶|朋友聚餐,均衡饮食|夜宵安慰,咸点心|下午茶|解馋|分享|咖啡搭子,中等预算,25,简单,蛋糕胚|肉松|沙拉酱|海苔,0,0,高,咸甜结合，很适合不想只吃甜点的人。
52,火腿芝士司康,烘焙,咸香|奶香,下午茶|一个人吃,均衡饮食|夜宵安慰,咸点心|下午茶|咖啡搭子|快手|一人食,中等预算,35,简单,低筋面粉|火腿|芝士|黄油,0,0,中等,咸口烘焙更耐吃，适合配咖啡慢慢吃。
53,红豆年糕汤,韩式,甜香|奶香,深夜加餐|冬日夜晚,夜宵安慰|均衡饮食,甜品|暖胃|治愈|热乎|一人食,低预算,20,简单,年糕|红豆|糖|水,0,1,中等,软糯温暖，适合天凉的时候给自己一点安慰。
54,法式洋葱汤,西式,鲜香|家常,双人晚餐|深夜加餐,均衡饮食|夜宵安慰,汤锅|暖胃|治愈|双人|热乎,中等预算,45,中等,洋葱|黄油|高汤|面包片,0,1,中等,香味很浓，适合慢慢喝一碗的舒缓时刻。
55,鸡肉凯撒卷,轻食,鲜香|蒜香,一个人吃|健身准备餐,高蛋白增肌|均衡饮食,轻食|高蛋白|快手|一人食|清爽,中等预算,15,简单,鸡肉|生菜|卷饼|凯撒酱,0,0,中等,便携也有满足感，适合快节奏午餐。
56,烤鸡蔬菜拼盘,轻食,清淡|鲜香,双人晚餐|健身准备餐,高蛋白增肌|减脂清爽,轻食|高蛋白|清爽|双人|轻负担,中等预算,35,简单,鸡腿排|西葫芦|南瓜|彩椒,0,0,低,盘子看起来很丰盛，但整体仍然比较轻。
57,奶油玉米浓汤,西式,奶香|鲜香,下午茶|双人晚餐,均衡饮食|夜宵安慰,汤品|暖胃|奶香|治愈|轻食,低预算,20,简单,玉米|牛奶|洋葱|黄油,0,1,中等,香甜柔和，适合作为一顿饭前的小满足。
58,蜂蜜黄油吐司,甜品,奶香|甜香,下午茶|一个人吃,夜宵安慰|均衡饮食,甜品|下午茶|治愈|快手|咖啡搭子,低预算,15,简单,吐司|黄油|蜂蜜|炼乳,0,1,高,简单直接但很有快乐感，适合嘴馋时的小奖励。
59,紫薯酸奶碗,轻食,果香|清淡,早餐|下午茶,减脂清爽|均衡饮食,轻食|果香|低糖感|快手|一人食,低预算,10,简单,紫薯|酸奶|香蕉|坚果,0,1,低,颜色好看又轻盈，适合作为早餐或轻下午茶。
60,芒果椰奶西米露,甜品,果香|奶香,下午茶|朋友聚餐,均衡饮食|夜宵安慰,甜品|下午茶|果香|分享|清爽,中等预算,20,简单,芒果|椰奶|西米|糖,0,1,中等,冰凉顺口，适合多人一起吃的夏日甜品。
61,烤鸡肉可萨迪亚,墨西哥风味,咸香|奶香,双人晚餐|朋友聚餐,下饭解馋|朋友聚餐,正餐|分享|解馋|聚餐|快手,中等预算,20,简单,鸡肉|玉米饼|芝士|彩椒,0,0,中等,很适合切开分享，适合轻松的小聚。
62,菠菜蘑菇蛋饼,早午餐,清淡|鲜香,早餐|一个人吃,均衡饮食|高蛋白增肌,早午餐|高蛋白|快手|一人食|清爽,低预算,12,简单,鸡蛋|菠菜|蘑菇|牛奶,0,1,低,简单但很稳，适合早上赶时间又想吃得像样一点。
63,香蕉燕麦松饼,烘焙,甜香|奶香,早餐|下午茶,均衡饮食|夜宵安慰,甜点心|咖啡搭子|治愈|快手|一人食,低预算,20,简单,香蕉|燕麦|鸡蛋|牛奶,0,1,中等,不算太厚重，适合作为轻松的小甜点。
64,香烤牛肉卷饼,西式,重口|鲜香,一个人吃|朋友聚餐,下饭解馋|均衡饮食,正餐|解馋|一人食|快手|高蛋白,中等预算,20,简单,牛肉片|卷饼|生菜|洋葱,0,0,中等,便携又很有满足感，适合忙碌时快速解决一餐。
65,番茄罗勒玛格丽特披萨,意式,鲜香|家常,双人晚餐|朋友聚餐,朋友聚餐|夜宵安慰,正餐|分享|聚餐|治愈|精致,高预算,40,中等,披萨面团|番茄|马苏里拉|罗勒,0,1,高,简单配料也能很好吃，适合轻松的聚会氛围。
66,芝麻酱凉面,家常,咸香|蒜香,一个人吃|夏日午餐,均衡饮食|下饭解馋,正餐|咸口|快手|一人食|清爽,低预算,15,简单,面条|芝麻酱|黄瓜|蒜,0,1,中等,凉爽又有味道，适合天气热的时候。
67,香橙鸭胸沙拉,西式,果香|鲜香,双人晚餐|健身准备餐,高蛋白增肌|均衡饮食,轻食|高蛋白|精致|双人|果香,高预算,25,中等,鸭胸|橙子|芝麻菜|坚果,0,0,中等,适合想吃得高级一点但又不想太腻。
68,热巧克力,饮品,奶香|甜香,下午茶|冬日夜晚,夜宵安慰|均衡饮食,饮品|治愈|暖胃|下午茶|甜口,低预算,10,简单,可可粉|牛奶|糖,0,1,中等,很适合天冷或情绪低落的时候喝一杯。
69,柚子绿茶,饮品,果香|清淡,下午茶|一个人吃,均衡饮食|减脂清爽,饮品|下午茶|果香|清爽|提神,低预算,8,简单,绿茶|西柚|蜂蜜|冰块,0,1,低,清新感很强，适合下午想提提神的时候。
70,红丝绒纸杯蛋糕,甜品,甜香|奶香,下午茶|朋友聚餐,夜宵安慰|朋友聚餐,甜品|仪式感|分享|下午茶|治愈,中等预算,40,中等,低筋面粉|可可粉|奶油奶酪|鸡蛋,0,1,高,颜色和口感都很适合庆祝或拍照。
71,抹茶白巧布朗尼,甜品,奶香|甜香,下午茶|一个人吃,夜宵安慰|均衡饮食,甜品|下午茶|解馋|咖啡搭子|一人食,中等预算,35,简单,白巧克力|抹茶粉|黄油|鸡蛋,0,1,高,更偏浓郁系，适合想吃得有点满足感的时候。
72,海盐焦糖冰淇淋杯,甜品,甜香|奶香,下午茶|深夜加餐,夜宵安慰|均衡饮食,甜品|解馋|治愈|一人食|夏日,中等预算,10,简单,冰淇淋|焦糖酱|海盐|坚果,0,1,高,冷甜感很直接，适合作为嘴馋时的快乐奖励。
73,台式卤肉饭,台式,酱香|家常,一个人吃|家庭晚餐,下饭解馋|均衡饮食,正餐|下饭|家常|一人食|稳妥,中等预算,35,中等,五花肉|洋葱|鸡蛋|米饭,0,0,高,酱香浓郁而且很稳，是很经典的治愈型主食。
74,日式肥牛饭,日式,鲜香|酱香,一个人吃|双人晚餐,均衡饮食|下饭解馋,正餐|下饭|快手|一人食|治愈,中等预算,20,简单,肥牛|洋葱|酱油|米饭,0,0,中等,做法快又有满足感，适合工作日想省心吃好一点。
75,海南鸡饭,东南亚,清淡|鲜香,一个人吃|双人晚餐,均衡饮食|高蛋白增肌,正餐|高蛋白|清爽|一人食|稳妥,中等预算,40,中等,鸡腿肉|黄瓜|米饭|姜葱酱,0,0,中等,口味温和又有层次，适合想吃舒服一点的正餐。
76,红烧排骨饭,家常,家常|酱香,家庭晚餐|双人晚餐,均衡饮食|下饭解馋,正餐|下饭|家常|家庭|治愈,中等预算,50,中等,排骨|土豆|生抽|冰糖,0,0,高,是很经典的家常硬菜，适合认真吃一顿饭。
77,豉汁蒸排骨,粤式,鲜香|蒜香,家庭晚餐|朋友聚餐,均衡饮食|朋友聚餐,正餐|鲜香|聚餐|家常|热食,中等预算,35,中等,排骨|豆豉|蒜|淀粉,0,0,中等,咸鲜带蒜香，适合搭米饭也适合多人一起吃。
78,香煎鸡排咖喱饭,日式,酱香|重口,一个人吃|双人晚餐,下饭解馋|均衡饮食,正餐|下饭|解馋|一人食|热食,中等预算,30,简单,鸡排|咖喱块|土豆|米饭,0,0,高,酥香鸡排配咖喱很有满足感，属于怎么吃都稳的类型。
79,番茄肉酱意面,意式,鲜香|家常,一个人吃|双人晚餐,均衡饮食|下饭解馋,正餐|家常|快手|一人食|治愈,中等预算,25,简单,意面|牛肉末|番茄|洋葱,0,0,中等,酸香肉酱很顺口，适合想吃西式主食又不想太复杂的时候。
80,香草烤鸡腿配土豆,西式,鲜香|家常,双人晚餐|家庭晚餐,均衡饮食|高蛋白增肌,正餐|高蛋白|家常|双人|热食,中等预算,45,中等,鸡腿|土豆|迷迭香|蒜,0,0,中等,烤出来的香气很舒服，适合周末慢一点做顿饭。
81,三杯鸡,台式,酱香|蒜香,家庭晚餐|双人晚餐,下饭解馋|均衡饮食,正餐|下饭|家常|治愈|热食,中等预算,35,中等,鸡腿肉|九层塔|姜|麻油,0,0,中等,香味很足而且下饭，属于很有记忆点的家常热菜。
82,葱爆牛肉,家常,重口|鲜香,家庭晚餐|朋友聚餐,下饭解馋|朋友聚餐,正餐|解馋|家常|聚餐|热食,中等预算,20,简单,牛肉|大葱|生抽|胡椒,0,0,中等,大葱香和牛肉香都很明显，适合想吃口味重一点的时候。
83,菠萝咕咾肉,粤式,酸甜|鲜香,家庭晚餐|朋友聚餐,均衡饮食|朋友聚餐,正餐|酸甜|聚餐|分享|热食,中等预算,35,中等,里脊肉|菠萝|彩椒|番茄酱,0,0,高,酸甜很讨喜，适合多人一起吃也比较不挑人。
84,辣子鸡丁,川菜,香辣|重口,朋友聚餐|深夜加餐,下饭解馋|朋友聚餐,正餐|香辣|解馋|聚餐|重口,中等预算,30,中等,鸡腿肉|干辣椒|花椒|芝麻,1,0,高,香辣感很直接，适合想吃得过瘾一点的时候。
85,水煮鱼片,川菜,香辣|鲜香,家庭晚餐|朋友聚餐,下饭解馋|朋友聚餐,正餐|香辣|热乎|聚餐|解馋,高预算,35,中等,鱼片|豆芽|花椒|干辣椒,1,0,中等,麻辣鲜香都很在线，特别适合多人围着吃。
86,蒜蓉粉丝虾,粤式,蒜香|鲜香,双人晚餐|朋友聚餐,均衡饮食|朋友聚餐,正餐|鲜香|分享|聚餐|热食,高预算,25,中等,大虾|粉丝|蒜蓉|酱油,0,0,中等,蒜香和海鲜鲜味都很突出，适合想吃得体面一点。
87,椒盐鸡翅,家常,咸香|蒜香,朋友聚餐|深夜加餐,下饭解馋|朋友聚餐,热食|解馋|分享|聚餐|重口,中等预算,25,简单,鸡翅|椒盐|蒜|淀粉,0,0,高,外酥里嫩很适合聚会或追剧时边吃边聊。
88,铁板黑椒鸡柳,西式,重口|鲜香,一个人吃|双人晚餐,高蛋白增肌|下饭解馋,正餐|高蛋白|解馋|一人食|快手,中等预算,20,简单,鸡胸肉|洋葱|彩椒|黑椒汁,0,0,中等,黑椒香气明显，适合想吃得利落又有味道的时候。
89,台式三杯杏鲍菇,台式,酱香|蒜香,家庭晚餐|希望多素食,均衡饮食|希望多素食,正餐|素食友好|家常|治愈|热食,中等预算,25,简单,杏鲍菇|九层塔|姜|酱油,0,1,低,香味足又不厚重，是很有满足感的素食热菜。
90,金枪鱼玉米焗饭,西式,奶香|鲜香,一个人吃|双人晚餐,均衡饮食|高蛋白增肌,正餐|奶香|高蛋白|一人食|治愈,中等预算,30,简单,金枪鱼|玉米|米饭|芝士,0,0,中等,香浓又不至于太腻，属于很稳的安慰型主食。
91,扬州炒饭,家常,鲜香|家常,一个人吃|家庭晚餐,均衡饮食|下饭解馋,正餐|家常|快手|一人食|稳妥,低预算,20,简单,米饭|鸡蛋|火腿|豌豆,0,0,中等,经典耐吃而且选择门槛低，适合不知道吃什么时。
92,虾仁炒乌冬,日式,鲜香|蒜香,一个人吃|双人晚餐,均衡饮食|高蛋白增肌,正餐|高蛋白|快手|一人食|热食,中等预算,20,简单,乌冬面|虾仁|卷心菜|酱油,0,0,中等,口感弹而不重，适合工作日晚餐快速解决。
93,韩式泡菜豆腐锅,韩式,香辣|鲜香,一个人吃|深夜加餐,夜宵安慰|均衡饮食,汤锅|暖胃|香辣|一人食|热乎,中等预算,25,简单,泡菜|豆腐|金针菇|洋葱,1,1,低,热辣又暖，特别适合晚上想吃点有情绪价值的东西。
94,日式味噌拉面,日式,鲜香|家常,一个人吃|深夜加餐,夜宵安慰|均衡饮食,汤面|暖胃|治愈|一人食|热乎,中等预算,30,中等,拉面|味噌|鸡蛋|海苔,0,0,中等,汤底浓郁又舒服，适合想吃热乎一点的时候。
95,酸辣土豆丝盖饭,家常,酸甜|香辣,一个人吃|夏日午餐,下饭解馋|均衡饮食,正餐|下饭|快手|一人食|省钱,低预算,15,简单,土豆|青椒|干辣椒|米饭,1,1,低,酸辣开胃又很省钱，是高性价比的一人食。
96,香菇鸡肉粥,家常,清淡|鲜香,一个人吃|深夜加餐,夜宵安慰|均衡饮食,汤品|暖胃|治愈|一人食|轻食,低预算,35,简单,大米|鸡胸肉|香菇|姜丝,0,0,低,温和顺口，适合没什么胃口但又想吃热的。
97,皮蛋瘦肉粥,家常,鲜香|家常,早餐|一个人吃,均衡饮食|夜宵安慰,汤品|暖胃|家常|一人食|治愈,低预算,30,简单,大米|瘦肉|皮蛋|葱花,0,0,低,很熟悉的味道，适合想吃得稳妥舒服一点。
98,罗宋汤,西式,酸甜|鲜香,双人晚餐|家庭晚餐,均衡饮食|希望多素食,汤锅|暖胃|家常|双人|热乎,中等预算,45,中等,牛肉|番茄|卷心菜|土豆,0,0,低,酸香热乎而且很有家常感，适合天凉时慢慢喝。
99,南瓜浓汤,西式,奶香|清淡,下午茶|双人晚餐,均衡饮食|希望多素食,汤品|暖胃|奶香|轻食|治愈,低预算,25,简单,南瓜|牛奶|洋葱|黄油,0,1,低,香甜柔和又很顺口，适合作为轻盈的一餐或配菜。
100,羽衣甘蓝鸡肉能量碗,轻食,清淡|鲜香,一个人吃|健身准备餐,减脂清爽|高蛋白增肌,轻食|高蛋白|清爽|一人食|轻负担,高预算,25,简单,鸡胸肉|羽衣甘蓝|藜麦|牛油果,0,0,低,蛋白和纤维都很足，适合想吃得干净一点。
101,烤三文鱼藜麦沙拉,轻食,清淡|鲜香,双人晚餐|健身准备餐,高蛋白增肌|减脂清爽,轻食|高蛋白|精致|双人|清爽,高预算,30,中等,三文鱼|藜麦|生菜|柠檬汁,0,0,低,看起来轻盈但饱腹感很好，适合精致型轻食。
102,荞麦冷面,日式,清淡|鲜香,一个人吃|夏日午餐,均衡饮食|减脂清爽,轻食|清爽|快手|一人食|夏日,中等预算,15,简单,荞麦面|海苔|黄瓜|酱汁,0,1,低,冰凉清爽而且不腻，适合炎热天气的午餐。
103,鸡胸肉波奇饭,轻食,鲜香|果香,一个人吃|健身准备餐,高蛋白增肌|减脂清爽,轻食|高蛋白|清爽|一人食|快手,高预算,20,简单,鸡胸肉|牛油果|毛豆|糙米,0,0,低,组合感很强，适合想吃得丰富又不重的人。
104,牛肉温泉蛋饭,日式,鲜香|酱香,一个人吃|双人晚餐,均衡饮食|高蛋白增肌,正餐|高蛋白|治愈|一人食|精致,中等预算,25,简单,牛肉片|鸡蛋|米饭|洋葱,0,0,中等,温泉蛋让口感更柔和，属于稳妥又顺口的一餐。
105,菠菜菲达芝士烘蛋,早午餐,奶香|鲜香,早餐|双人晚餐,均衡饮食|高蛋白增肌,早午餐|高蛋白|奶香|双人|轻食,中等预算,20,简单,鸡蛋|菠菜|芝士|牛奶,0,1,中等,早午餐气质很足，也适合不想吃太厚重的晚上。
106,烟熏三文鱼贝果,早午餐,鲜香|奶香,早餐|下午茶,均衡饮食|高蛋白增肌,早午餐|精致|高蛋白|咖啡搭子|双人,高预算,15,简单,贝果|烟熏三文鱼|奶油奶酪|芝麻菜,0,0,中等,很适合周末早午餐，轻松就能吃出一点仪式感。
107,法式火腿可颂,烘焙,奶香|咸香,早餐|下午茶,均衡饮食|下饭解馋,轻正餐|咖啡搭子|奶香|快手|一人食,中等预算,12,简单,可颂|火腿|芝士|黄油,0,0,中等,咸香耐吃而且不单调，适合早上或下午饿了时来一个。
108,蓝莓乳酪贝果,早午餐,奶香|果香,早餐|下午茶,均衡饮食|夜宵安慰,早午餐|咖啡搭子|治愈|一人食|快手,中等预算,10,简单,贝果|蓝莓|奶油奶酪|蜂蜜,0,1,中等,酸甜和奶香都比较柔和，适合轻松一点的时段。
109,香蕉花生酱吐司,早午餐,奶香|甜香,早餐|一个人吃,均衡饮食|高蛋白增肌,早午餐|快手|治愈|一人食|咖啡搭子,低预算,8,简单,吐司|香蕉|花生酱|肉桂粉,0,1,中等,非常省事却很有满足感，适合忙碌早晨。
110,牛油果酸奶昔,饮品,清淡|奶香,早餐|健身准备餐,减脂清爽|高蛋白增肌,饮品|轻负担|高蛋白|快手|一人食,中等预算,8,简单,牛油果|酸奶|牛奶|蜂蜜,0,1,低,顺滑又有饱腹感，适合早餐或运动后补充一下。
111,冰椰美式,饮品,果香|清淡,下午茶|一个人吃,均衡饮食|减脂清爽,饮品|提神|清爽|咖啡搭子|快手,中等预算,6,简单,浓缩咖啡|椰子水|冰块,0,1,低,椰香会让美式更轻快，适合下午提神换口味。
112,桂花乌龙奶茶,饮品,奶香|甜香,下午茶|一个人吃,均衡饮食|夜宵安慰,饮品|下午茶|奶香|治愈|快手,中等预算,10,简单,乌龙茶|牛奶|桂花糖|冰块,0,1,中等,花香和茶香都很柔和，适合想喝点温柔系饮品的时候。
113,百香果气泡美式,饮品,果香|清淡,下午茶|夏日午后,均衡饮食|减脂清爽,饮品|提神|果香|清爽|夏日,中等预算,6,简单,浓缩咖啡|百香果|气泡水|冰块,0,1,低,果酸和咖啡很有层次，适合炎热天想喝点特别的。
114,西瓜薄荷冰饮,饮品,果香|清淡,下午茶|夏日午后,均衡饮食|减脂清爽,饮品|清爽|夏日|快手|一人食,低预算,5,简单,西瓜|薄荷|冰块|柠檬汁,0,1,低,特别清爽，适合热得没胃口的时候。
115,苹果肉桂热饮,饮品,果香|甜香,冬日夜晚|下午茶,夜宵安慰|均衡饮食,饮品|暖胃|治愈|下午茶|热乎,低预算,12,简单,苹果|肉桂|红茶|蜂蜜,0,1,低,热热的果香很适合放松，尤其适合天凉的时候。
116,黑芝麻燕麦奶,饮品,奶香|家常,早餐|一个人吃,均衡饮食|高蛋白增肌,饮品|治愈|快手|一人食|轻负担,低预算,8,简单,黑芝麻|燕麦奶|蜂蜜|坚果碎,0,1,低,香气朴实又舒服，适合早餐来一杯。
117,草莓奶昔,饮品,果香|奶香,下午茶|一个人吃,均衡饮食|夜宵安慰,饮品|下午茶|治愈|果香|快手,低预算,8,简单,草莓|牛奶|酸奶|蜂蜜,0,1,中等,颜色和口感都很讨喜，适合想喝甜一点的时候。
118,红茶拿铁,饮品,奶香|甜香,下午茶|一个人吃,均衡饮食|夜宵安慰,饮品|下午茶|奶香|咖啡搭子|快手,低预算,8,简单,红茶|牛奶|糖浆,0,1,中等,香气稳而柔和，适合几乎所有想放松的下午。
119,柠檬红茶,饮品,果香|清淡,下午茶|夏日午后,均衡饮食|减脂清爽,饮品|清爽|提神|夏日|快手,低预算,6,简单,红茶|柠檬|蜂蜜|冰块,0,1,低,酸甜清醒感很明显，适合下午犯困的时候。
120,桂圆红枣奶茶,饮品,奶香|甜香,冬日夜晚|一个人吃,夜宵安慰|均衡饮食,饮品|暖胃|治愈|热乎|一人食,中等预算,12,简单,红枣|桂圆|牛奶|红茶,0,1,中等,温温甜甜的一杯，特别适合想要一点安慰感的时候。
121,柚香苏打,饮品,果香|清淡,下午茶|夏日午后,均衡饮食|减脂清爽,饮品|清爽|果香|快手|夏日,低预算,5,简单,西柚汁|苏打水|迷迭香|冰块,0,1,低,轻盈又有气泡感，适合天气热的时候。
122,焦糖海盐拿铁,饮品,奶香|甜香,下午茶|一个人吃,夜宵安慰|均衡饮食,饮品|治愈|奶香|咖啡搭子|快手,中等预算,10,简单,浓缩咖啡|牛奶|焦糖酱|海盐,0,1,中等,甜咸平衡很有安慰感，适合需要一点奖励的时刻。
123,杏仁可可冰沙,饮品,奶香|甜香,下午茶|夏日午后,夜宵安慰|均衡饮食,饮品|解馋|治愈|夏日|一人食,中等预算,8,简单,可可粉|杏仁奶|香蕉|冰块,0,1,中等,口感浓郁但又带凉意，适合下午嘴馋时喝。
124,茉莉葡萄冷泡茶,饮品,果香|清淡,下午茶|夏日午后,均衡饮食|减脂清爽,饮品|果香|清爽|提神|夏日,中等预算,6,简单,茉莉茶|青提|冰块|蜂蜜,0,1,低,花果香都很轻盈，适合不想喝太甜的时候。
125,抹茶麻薯卷,甜品,奶香|甜香,下午茶|一个人吃,夜宵安慰|均衡饮食,甜品|下午茶|治愈|一人食|咖啡搭子,中等预算,30,简单,抹茶粉|麻薯|奶油|蛋糕胚,0,1,中等,软糯和茶香都比较明显，适合慢慢吃。
126,车厘子酸奶慕斯杯,甜品,果香|奶香,下午茶|朋友聚餐,均衡饮食|减脂清爽,甜品|下午茶|果香|仪式感|分享,中等预算,25,简单,车厘子|酸奶|淡奶油|吉利丁,0,1,中等,看起来很精致，适合聚会时做小份甜点。
127,焦糖香蕉可丽饼,甜品,奶香|甜香,下午茶|双人晚餐,夜宵安慰|均衡饮食,甜品|下午茶|治愈|仪式感|双人,中等预算,20,简单,香蕉|可丽饼皮|焦糖酱|黄油,0,1,高,热热的香蕉香很有安慰感，适合周末甜点。
128,伯爵奶冻,甜品,奶香|甜香,下午茶|一个人吃,均衡饮食|夜宵安慰,甜品|下午茶|茶点|治愈|一人食,低预算,20,简单,牛奶|伯爵茶|吉利丁|砂糖,0,1,中等,淡淡茶香会让甜感更温和，适合不想吃太重的甜品。
129,柠檬乳酪挞,甜品,酸甜|奶香,下午茶|朋友聚餐,均衡饮食|朋友聚餐,甜品|下午茶|果香|仪式感|分享,中等预算,35,中等,柠檬|奶油奶酪|黄油|低筋面粉,0,1,高,酸香和奶香很平衡，适合下午茶桌面更丰富一点。
130,黑芝麻巴斯克,甜品,奶香|家常,下午茶|朋友聚餐,夜宵安慰|朋友聚餐,甜品|下午茶|治愈|分享|奶香,中等预算,45,中等,黑芝麻酱|奶油奶酪|鸡蛋|砂糖,0,1,高,芝麻香让口味更特别，适合喜欢浓郁风味的人。
131,芝士玉米蛋挞,烘焙,奶香|咸香,下午茶|朋友聚餐,均衡饮食|夜宵安慰,咸点心|下午茶|奶香|分享|咖啡搭子,中等预算,30,简单,蛋挞皮|玉米|芝士|鸡蛋,0,1,中等,偏咸口更耐吃，适合不想只吃甜点时搭配着来。
132,草莓雪媚娘,甜品,果香|甜香,下午茶|一个人吃,均衡饮食|夜宵安慰,甜品|下午茶|果香|治愈|一人食,中等预算,25,简单,草莓|糯米皮|淡奶油|糖粉,0,1,中等,口感软糯又轻盈，适合下午想吃点小甜。
133,焙茶布丁,甜品,奶香|甜香,下午茶|一个人吃,均衡饮食|夜宵安慰,甜品|下午茶|治愈|茶点|一人食,低预算,25,简单,焙茶粉|牛奶|鸡蛋|砂糖,0,1,中等,焙茶香会让整体更成熟一点，适合不想太腻的时候。
134,芒果班戟,港式甜品,果香|奶香,下午茶|朋友聚餐,均衡饮食|朋友聚餐,甜品|下午茶|果香|分享|清爽,中等预算,20,简单,芒果|奶油|班戟皮|糖粉,0,1,中等,轻盈奶香配果香很讨喜，适合多人分着吃。
135,花生酱巧克力杯,甜品,奶香|甜香,下午茶|深夜加餐,夜宵安慰|均衡饮食,甜品|解馋|治愈|一人食|高满足,中等预算,15,简单,花生酱|黑巧克力|淡奶油|坚果,0,1,高,浓郁感很强，适合特别想吃点满足系甜品的时候。
136,紫米芋泥酸奶杯,甜品,奶香|果香,下午茶|一个人吃,均衡饮食|减脂清爽,甜品|下午茶|轻负担|治愈|一人食,低预算,15,简单,紫米|芋泥|酸奶|坚果碎,0,1,中等,层次很多但不算厚重，适合想吃甜又想克制一点。
137,柠檬磅蛋糕,烘焙,酸甜|奶香,下午茶|一个人吃,均衡饮食|夜宵安慰,甜品|下午茶|咖啡搭子|一人食|治愈,低预算,45,中等,低筋面粉|柠檬皮|黄油|鸡蛋,0,1,高,酸香让蛋糕不那么腻，配咖啡很合适。
138,可可麻薯华夫,甜品,奶香|甜香,下午茶|双人晚餐,夜宵安慰|均衡饮食,甜点心|下午茶|解馋|仪式感|双人,中等预算,25,简单,华夫粉|可可粉|麻薯|牛奶,0,1,高,外酥里糯的对比感很强，适合想吃点有趣口感时。
139,南瓜肉桂玛芬,烘焙,奶香|甜香,下午茶|一个人吃,均衡饮食|夜宵安慰,甜点心|咖啡搭子|治愈|一人食|秋冬感,低预算,30,简单,南瓜泥|肉桂粉|鸡蛋|面粉,0,1,中等,香气温暖而柔和，适合秋冬下午配热饮。
140,海苔芝士饭团,早午餐,咸香|奶香,早餐|一个人吃,均衡饮食|高蛋白增肌,早午餐|快手|一人食|咖啡搭子|咸口,低预算,12,简单,米饭|芝士|海苔|金枪鱼,0,0,中等,便携又耐吃，适合早上来不及慢慢准备的时候。
141,鸡蛋金枪鱼三明治,早午餐,鲜香|家常,早餐|一个人吃,均衡饮食|高蛋白增肌,早午餐|高蛋白|快手|一人食|稳妥,低预算,10,简单,吐司|金枪鱼|鸡蛋|生菜,0,0,中等,很经典也很省事，几乎不会出错的一餐。
142,菠菜蘑菇咸派,烘焙,奶香|咸香,下午茶|双人晚餐,均衡饮食|希望多素食,咸点心|下午茶|奶香|双人|治愈,中等预算,45,中等,菠菜|蘑菇|鸡蛋|淡奶油,0,1,中等,咸口下午茶会更耐吃，适合和朋友慢慢分享。
143,培根玉米浓酱意面,西式,奶香|咸香,一个人吃|双人晚餐,下饭解馋|均衡饮食,正餐|奶香|解馋|一人食|治愈,中等预算,25,简单,意面|培根|玉米|淡奶油,0,0,高,偏浓郁但很满足，适合想吃点重一点的西式主食。
144,金针菇肥牛卷,家常,鲜香|蒜香,家庭晚餐|朋友聚餐,均衡饮食|高蛋白增肌,正餐|高蛋白|聚餐|热食|鲜香,中等预算,20,简单,肥牛|金针菇|生抽|黑胡椒,0,0,中等,很适合多人分着吃，也比较容易得到满足感。
145,泰式罗勒牛肉饭,泰式,香辣|鲜香,一个人吃|双人晚餐,下饭解馋|均衡饮食,正餐|香辣|下饭|一人食|解馋,中等预算,20,简单,牛肉末|罗勒|辣椒|米饭,1,0,中等,香气直接而且很下饭，适合想吃点不一样的主食。
146,日式茶泡饭,日式,清淡|鲜香,一个人吃|深夜加餐,夜宵安慰|均衡饮食,汤品|暖胃|清淡|一人食|快手,低预算,10,简单,米饭|高汤|海苔|三文鱼碎,0,0,低,非常适合深夜想吃点热的又不想太负担的时候。
147,香菜柠檬鸡丝冷面,东南亚,果香|清淡,一个人吃|夏日午餐,减脂清爽|高蛋白增肌,轻正餐|清爽|高蛋白|一人食|夏日,中等预算,20,简单,鸡丝|米线|柠檬汁|黄瓜,0,0,低,酸香清爽而且有蛋白，适合夏天不想吃热饭的时候。
148,板栗南瓜烩饭,西式,奶香|家常,双人晚餐|家庭晚餐,均衡饮食|希望多素食,正餐|治愈|奶香|双人|秋冬感,中等预算,40,中等,南瓜|板栗|米饭|帕玛森芝士,0,1,中等,口感绵密而温暖，适合想吃柔和一点的主食。
149,豆腐泡菜汤,韩式,香辣|鲜香,一个人吃|深夜加餐,夜宵安慰|均衡饮食,汤锅|暖胃|香辣|一人食|热乎,低预算,20,简单,豆腐|泡菜|金针菇|鸡蛋,1,1,低,又热又辣很适合晚上收尾，也不会太难做。
150,椰青冻,甜品,果香|清淡,下午茶|夏日午后,均衡饮食|减脂清爽,甜品|下午茶|清爽|夏日|轻负担,中等预算,15,简单,椰青水|吉利丁|椰肉|蜂蜜,0,1,低,很轻盈的夏日甜品，适合饭后或下午来一点。
151,黑椒鸡腿饭,港式,重口|鲜香,一个人吃|双人晚餐,下饭解馋|均衡饮食,正餐|下饭|解馋|一人食|快手,中等预算,20,简单,鸡腿|洋葱|米饭|酱汁,0,0,中等,属于很稳的工作日主食，味道直接而且不容易踩雷。
152,照烧鸡腿饭,日式,酱香|鲜香,一个人吃|双人晚餐,均衡饮食|下饭解馋,正餐|下饭|治愈|一人食|稳妥,中等预算,25,简单,鸡腿|洋葱|米饭|酱汁,0,0,中等,甜咸平衡很舒服，适合想吃得稳一点的时候。
153,咖喱鸡腿饭,日式,家常|重口,家庭晚餐|双人晚餐,均衡饮食|下饭解馋,正餐|下饭|家常|治愈|家庭,中等预算,35,中等,鸡腿|洋葱|米饭|酱汁,0,0,中等,酱汁包裹感很强，适合认真吃一顿饭。
154,蒜香鸡腿饭,家常,蒜香|鲜香,一个人吃|健身准备餐,高蛋白增肌|均衡饮食,正餐|高蛋白|快手|一人食|鲜香,中等预算,18,简单,鸡腿|洋葱|米饭|酱汁,0,0,低,蒜香会让整道菜更有食欲，适合快节奏的一餐。
155,香辣鸡腿饭,川菜,香辣|重口,双人晚餐|朋友聚餐,下饭解馋|朋友聚餐,正餐|香辣|解馋|聚餐|热食,中等预算,28,中等,鸡腿|洋葱|米饭|酱汁,1,0,高,辣味比较直给，适合想吃得过瘾一点的时候。
156,黑椒牛肉饭,港式,重口|鲜香,一个人吃|双人晚餐,下饭解馋|均衡饮食,正餐|下饭|解馋|一人食|快手,中等预算,20,简单,牛肉|洋葱|米饭|黑胡椒,0,0,中等,属于很稳的工作日主食，味道直接而且不容易踩雷。
157,照烧牛肉饭,日式,酱香|鲜香,一个人吃|双人晚餐,均衡饮食|下饭解馋,正餐|下饭|治愈|一人食|稳妥,中等预算,25,简单,牛肉|洋葱|米饭|黑胡椒,0,0,中等,甜咸平衡很舒服，适合想吃得稳一点的时候。
158,咖喱牛肉饭,日式,家常|重口,家庭晚餐|双人晚餐,均衡饮食|下饭解馋,正餐|下饭|家常|治愈|家庭,中等预算,35,中等,牛肉|洋葱|米饭|黑胡椒,0,0,中等,酱汁包裹感很强，适合认真吃一顿饭。
159,蒜香牛肉饭,家常,蒜香|鲜香,一个人吃|健身准备餐,高蛋白增肌|均衡饮食,正餐|高蛋白|快手|一人食|鲜香,中等预算,18,简单,牛肉|洋葱|米饭|黑胡椒,0,0,低,蒜香会让整道菜更有食欲，适合快节奏的一餐。
160,香辣牛肉饭,川菜,香辣|重口,双人晚餐|朋友聚餐,下饭解馋|朋友聚餐,正餐|香辣|解馋|聚餐|热食,中等预算,28,中等,牛肉|洋葱|米饭|黑胡椒,1,0,高,辣味比较直给，适合想吃得过瘾一点的时候。
161,黑椒虾仁饭,港式,重口|鲜香,一个人吃|双人晚餐,下饭解馋|均衡饮食,正餐|下饭|解馋|一人食|快手,中等预算,20,简单,虾仁|鸡蛋|米饭|香葱,0,0,中等,属于很稳的工作日主食，味道直接而且不容易踩雷。
162,照烧虾仁饭,日式,酱香|鲜香,一个人吃|双人晚餐,均衡饮食|下饭解馋,正餐|下饭|治愈|一人食|稳妥,中等预算,25,简单,虾仁|鸡蛋|米饭|香葱,0,0,中等,甜咸平衡很舒服，适合想吃得稳一点的时候。
163,咖喱虾仁饭,日式,家常|重口,家庭晚餐|双人晚餐,均衡饮食|下饭解馋,正餐|下饭|家常|治愈|家庭,中等预算,35,中等,虾仁|鸡蛋|米饭|香葱,0,0,中等,酱汁包裹感很强，适合认真吃一顿饭。
164,蒜香虾仁饭,家常,蒜香|鲜香,一个人吃|健身准备餐,高蛋白增肌|均衡饮食,正餐|高蛋白|快手|一人食|鲜香,中等预算,18,简单,虾仁|鸡蛋|米饭|香葱,0,0,低,蒜香会让整道菜更有食欲，适合快节奏的一餐。
165,香辣虾仁饭,川菜,香辣|重口,双人晚餐|朋友聚餐,下饭解馋|朋友聚餐,正餐|香辣|解馋|聚餐|热食,中等预算,28,中等,虾仁|鸡蛋|米饭|香葱,1,0,高,辣味比较直给，适合想吃得过瘾一点的时候。
166,黑椒豆腐饭,港式,重口|鲜香,一个人吃|双人晚餐,下饭解馋|均衡饮食,正餐|下饭|解馋|一人食|快手,中等预算,20,简单,豆腐|青椒|米饭|酱汁,0,1,中等,属于很稳的工作日主食，味道直接而且不容易踩雷。
167,照烧豆腐饭,日式,酱香|鲜香,一个人吃|双人晚餐,均衡饮食|下饭解馋,正餐|下饭|治愈|一人食|稳妥,中等预算,25,简单,豆腐|青椒|米饭|酱汁,0,1,中等,甜咸平衡很舒服，适合想吃得稳一点的时候。
168,咖喱豆腐饭,日式,家常|重口,家庭晚餐|双人晚餐,均衡饮食|下饭解馋,正餐|下饭|家常|治愈|家庭,中等预算,35,中等,豆腐|青椒|米饭|酱汁,0,1,中等,酱汁包裹感很强，适合认真吃一顿饭。
169,蒜香豆腐饭,家常,蒜香|鲜香,一个人吃|健身准备餐,高蛋白增肌|均衡饮食,正餐|高蛋白|快手|一人食|鲜香,中等预算,18,简单,豆腐|青椒|米饭|酱汁,0,1,低,蒜香会让整道菜更有食欲，适合快节奏的一餐。
170,香辣豆腐饭,川菜,香辣|重口,双人晚餐|朋友聚餐,下饭解馋|朋友聚餐,正餐|香辣|解馋|聚餐|热食,中等预算,28,中等,豆腐|青椒|米饭|酱汁,1,1,高,辣味比较直给，适合想吃得过瘾一点的时候。
171,黑椒茄子饭,港式,重口|鲜香,一个人吃|双人晚餐,下饭解馋|均衡饮食,正餐|下饭|解馋|一人食|快手,中等预算,20,简单,茄子|蒜末|米饭|生抽,0,1,中等,属于很稳的工作日主食，味道直接而且不容易踩雷。
172,照烧茄子饭,日式,酱香|鲜香,一个人吃|双人晚餐,均衡饮食|下饭解馋,正餐|下饭|治愈|一人食|稳妥,中等预算,25,简单,茄子|蒜末|米饭|生抽,0,1,中等,甜咸平衡很舒服，适合想吃得稳一点的时候。
173,咖喱茄子饭,日式,家常|重口,家庭晚餐|双人晚餐,均衡饮食|下饭解馋,正餐|下饭|家常|治愈|家庭,中等预算,35,中等,茄子|蒜末|米饭|生抽,0,1,中等,酱汁包裹感很强，适合认真吃一顿饭。
174,蒜香茄子饭,家常,蒜香|鲜香,一个人吃|健身准备餐,高蛋白增肌|均衡饮食,正餐|高蛋白|快手|一人食|鲜香,中等预算,18,简单,茄子|蒜末|米饭|生抽,0,1,低,蒜香会让整道菜更有食欲，适合快节奏的一餐。
175,香辣茄子饭,川菜,香辣|重口,双人晚餐|朋友聚餐,下饭解馋|朋友聚餐,正餐|香辣|解馋|聚餐|热食,中等预算,28,中等,茄子|蒜末|米饭|生抽,1,1,高,辣味比较直给，适合想吃得过瘾一点的时候。
176,黑椒猪肉饭,港式,重口|鲜香,一个人吃|双人晚餐,下饭解馋|均衡饮食,正餐|下饭|解馋|一人食|快手,中等预算,20,简单,猪肉片|洋葱|米饭|酱汁,0,0,中等,属于很稳的工作日主食，味道直接而且不容易踩雷。
177,照烧猪肉饭,日式,酱香|鲜香,一个人吃|双人晚餐,均衡饮食|下饭解馋,正餐|下饭|治愈|一人食|稳妥,中等预算,25,简单,猪肉片|洋葱|米饭|酱汁,0,0,中等,甜咸平衡很舒服，适合想吃得稳一点的时候。
178,咖喱猪肉饭,日式,家常|重口,家庭晚餐|双人晚餐,均衡饮食|下饭解馋,正餐|下饭|家常|治愈|家庭,中等预算,35,中等,猪肉片|洋葱|米饭|酱汁,0,0,中等,酱汁包裹感很强，适合认真吃一顿饭。
179,蒜香猪肉饭,家常,蒜香|鲜香,一个人吃|健身准备餐,高蛋白增肌|均衡饮食,正餐|高蛋白|快手|一人食|鲜香,中等预算,18,简单,猪肉片|洋葱|米饭|酱汁,0,0,低,蒜香会让整道菜更有食欲，适合快节奏的一餐。
180,香辣猪肉饭,川菜,香辣|重口,双人晚餐|朋友聚餐,下饭解馋|朋友聚餐,正餐|香辣|解馋|聚餐|热食,中等预算,28,中等,猪肉片|洋葱|米饭|酱汁,1,0,高,辣味比较直给，适合想吃得过瘾一点的时候。
181,黑椒蘑菇饭,港式,重口|鲜香,一个人吃|双人晚餐,下饭解馋|均衡饮食,正餐|下饭|解馋|一人食|快手,中等预算,20,简单,蘑菇|黄油|米饭|黑胡椒,0,1,中等,属于很稳的工作日主食，味道直接而且不容易踩雷。
182,照烧蘑菇饭,日式,酱香|鲜香,一个人吃|双人晚餐,均衡饮食|下饭解馋,正餐|下饭|治愈|一人食|稳妥,中等预算,25,简单,蘑菇|黄油|米饭|黑胡椒,0,1,中等,甜咸平衡很舒服，适合想吃得稳一点的时候。
183,咖喱蘑菇饭,日式,家常|重口,家庭晚餐|双人晚餐,均衡饮食|下饭解馋,正餐|下饭|家常|治愈|家庭,中等预算,35,中等,蘑菇|黄油|米饭|黑胡椒,0,1,中等,酱汁包裹感很强，适合认真吃一顿饭。
184,蒜香蘑菇饭,家常,蒜香|鲜香,一个人吃|健身准备餐,高蛋白增肌|均衡饮食,正餐|高蛋白|快手|一人食|鲜香,中等预算,18,简单,蘑菇|黄油|米饭|黑胡椒,0,1,低,蒜香会让整道菜更有食欲，适合快节奏的一餐。
185,香辣蘑菇饭,川菜,香辣|重口,双人晚餐|朋友聚餐,下饭解馋|朋友聚餐,正餐|香辣|解馋|聚餐|热食,中等预算,28,中等,蘑菇|黄油|米饭|黑胡椒,1,1,高,辣味比较直给，适合想吃得过瘾一点的时候。
186,柠香鸡胸能量碗,西式,果香|清淡,一个人吃|健身准备餐,减脂清爽|均衡饮食,轻食|清爽|轻负担|一人食|快手,中等预算,15,简单,鸡胸肉|藜麦|生菜|油醋汁,0,0,低,整体比较轻盈，很适合没那么饿但想吃得舒服。
187,芝麻鸡胸能量碗,日式,鲜香|清淡,一个人吃|健身准备餐,高蛋白增肌|减脂清爽,轻食|高蛋白|清爽|一人食|轻负担,中等预算,20,简单,鸡胸肉|藜麦|生菜|油醋汁,0,0,低,味道不会太寡淡，适合想吃干净一点的时候。
188,香草鸡胸能量碗,西式,鲜香|蒜香,双人晚餐|健身准备餐,高蛋白增肌|均衡饮食,轻食|高蛋白|精致|双人|清爽,高预算,22,简单,鸡胸肉|藜麦|生菜|油醋汁,0,0,低,看起来精致但不会太重，适合轻松一点的晚餐。
189,酸奶鸡胸能量碗,轻食,奶香|果香,早餐|下午茶,减脂清爽|均衡饮食,轻食|果香|低糖感|一人食|轻负担,低预算,12,简单,鸡胸肉|藜麦|生菜|油醋汁,0,0,低,有轻甜感但不厚重，适合当轻午餐或下午茶。
190,柠香虾仁沙拉,西式,果香|清淡,一个人吃|健身准备餐,减脂清爽|均衡饮食,轻食|清爽|轻负担|一人食|快手,中等预算,15,简单,虾仁|生菜|玉米|小番茄,0,0,低,整体比较轻盈，很适合没那么饿但想吃得舒服。
191,芝麻虾仁沙拉,日式,鲜香|清淡,一个人吃|健身准备餐,高蛋白增肌|减脂清爽,轻食|高蛋白|清爽|一人食|轻负担,中等预算,20,简单,虾仁|生菜|玉米|小番茄,0,0,低,味道不会太寡淡，适合想吃干净一点的时候。
192,香草虾仁沙拉,西式,鲜香|蒜香,双人晚餐|健身准备餐,高蛋白增肌|均衡饮食,轻食|高蛋白|精致|双人|清爽,高预算,22,简单,虾仁|生菜|玉米|小番茄,0,0,低,看起来精致但不会太重，适合轻松一点的晚餐。
193,酸奶虾仁沙拉,轻食,奶香|果香,早餐|下午茶,减脂清爽|均衡饮食,轻食|果香|低糖感|一人食|轻负担,低预算,12,简单,虾仁|生菜|玉米|小番茄,0,0,低,有轻甜感但不厚重，适合当轻午餐或下午茶。
194,柠香豆腐沙拉,西式,果香|清淡,一个人吃|健身准备餐,减脂清爽|均衡饮食,轻食|清爽|轻负担|一人食|快手,中等预算,15,简单,豆腐|芝麻菜|紫甘蓝|坚果,0,1,低,整体比较轻盈，很适合没那么饿但想吃得舒服。
195,芝麻豆腐沙拉,日式,鲜香|清淡,一个人吃|健身准备餐,高蛋白增肌|减脂清爽,轻食|高蛋白|清爽|一人食|轻负担,中等预算,20,简单,豆腐|芝麻菜|紫甘蓝|坚果,0,1,低,味道不会太寡淡，适合想吃干净一点的时候。
196,香草豆腐沙拉,西式,鲜香|蒜香,双人晚餐|健身准备餐,高蛋白增肌|均衡饮食,轻食|高蛋白|精致|双人|清爽,高预算,22,简单,豆腐|芝麻菜|紫甘蓝|坚果,0,1,低,看起来精致但不会太重，适合轻松一点的晚餐。
197,酸奶豆腐沙拉,轻食,奶香|果香,早餐|下午茶,减脂清爽|均衡饮食,轻食|果香|低糖感|一人食|轻负担,低预算,12,简单,豆腐|芝麻菜|紫甘蓝|坚果,0,1,低,有轻甜感但不厚重，适合当轻午餐或下午茶。
198,柠香金枪鱼卷,西式,果香|清淡,一个人吃|健身准备餐,减脂清爽|均衡饮食,轻食|清爽|轻负担|一人食|快手,中等预算,15,简单,金枪鱼|卷饼|生菜|酸奶酱,0,0,低,整体比较轻盈，很适合没那么饿但想吃得舒服。
199,芝麻金枪鱼卷,日式,鲜香|清淡,一个人吃|健身准备餐,高蛋白增肌|减脂清爽,轻食|高蛋白|清爽|一人食|轻负担,中等预算,20,简单,金枪鱼|卷饼|生菜|酸奶酱,0,0,低,味道不会太寡淡，适合想吃干净一点的时候。
200,香草金枪鱼卷,西式,鲜香|蒜香,双人晚餐|健身准备餐,高蛋白增肌|均衡饮食,轻食|高蛋白|精致|双人|清爽,高预算,22,简单,金枪鱼|卷饼|生菜|酸奶酱,0,0,低,看起来精致但不会太重，适合轻松一点的晚餐。
201,酸奶金枪鱼卷,轻食,奶香|果香,早餐|下午茶,减脂清爽|均衡饮食,轻食|果香|低糖感|一人食|轻负担,低预算,12,简单,金枪鱼|卷饼|生菜|酸奶酱,0,0,低,有轻甜感但不厚重，适合当轻午餐或下午茶。
202,柠香牛油果藜麦碗,西式,果香|清淡,一个人吃|健身准备餐,减脂清爽|均衡饮食,轻食|清爽|轻负担|一人食|快手,中等预算,15,简单,牛油果|藜麦|鹰嘴豆|菠菜,0,1,低,整体比较轻盈，很适合没那么饿但想吃得舒服。
203,芝麻牛油果藜麦碗,日式,鲜香|清淡,一个人吃|健身准备餐,高蛋白增肌|减脂清爽,轻食|高蛋白|清爽|一人食|轻负担,中等预算,20,简单,牛油果|藜麦|鹰嘴豆|菠菜,0,1,低,味道不会太寡淡，适合想吃干净一点的时候。
204,香草牛油果藜麦碗,西式,鲜香|蒜香,双人晚餐|健身准备餐,高蛋白增肌|均衡饮食,轻食|高蛋白|精致|双人|清爽,高预算,22,简单,牛油果|藜麦|鹰嘴豆|菠菜,0,1,低,看起来精致但不会太重，适合轻松一点的晚餐。
205,酸奶牛油果藜麦碗,轻食,奶香|果香,早餐|下午茶,减脂清爽|均衡饮食,轻食|果香|低糖感|一人食|轻负担,低预算,12,简单,牛油果|藜麦|鹰嘴豆|菠菜,0,1,低,有轻甜感但不厚重，适合当轻午餐或下午茶。
206,番茄鸡丝汤面,家常,鲜香|清淡,一个人吃|深夜加餐,均衡饮食|夜宵安慰,汤面|暖胃|一人食|快手|清爽,低预算,18,简单,鸡丝|面条|青菜|高汤,0,0,低,酸香温和，适合胃口不大却想吃热一点的时候。
207,酸辣鸡丝汤面,川味,香辣|鲜香,一个人吃|深夜加餐,夜宵安慰|下饭解馋,汤面|暖胃|香辣|一人食|解馋,中等预算,22,简单,鸡丝|面条|青菜|高汤,1,0,中等,带一点刺激感，适合想热乎又想过瘾的时候。
208,味噌鸡丝汤面,日式,鲜香|家常,一个人吃|双人晚餐,均衡饮食|夜宵安慰,汤面|暖胃|治愈|一人食|热乎,中等预算,25,中等,鸡丝|面条|青菜|高汤,0,0,中等,汤底更厚一点，适合下班后慢慢吃一碗。
209,胡椒鸡丝汤面,港式,鲜香|重口,一个人吃|深夜加餐,均衡饮食|下饭解馋,汤面|暖胃|热乎|一人食|快手,中等预算,20,简单,鸡丝|面条|青菜|高汤,0,0,中等,胡椒香会让整碗面更提气，适合天凉时来一碗。
210,菌菇鸡丝汤面,家常,清淡|鲜香,一个人吃|健身准备餐,均衡饮食|希望多素食,汤面|暖胃|素食友好|一人食|轻负担,低预算,20,简单,鸡丝|面条|青菜|高汤,0,0,低,口感温和而且没负担，适合想吃素一点的时候。
211,番茄牛肉汤面,家常,鲜香|清淡,一个人吃|深夜加餐,均衡饮食|夜宵安慰,汤面|暖胃|一人食|快手|清爽,低预算,18,简单,牛肉片|面条|青菜|高汤,0,0,低,酸香温和，适合胃口不大却想吃热一点的时候。
212,酸辣牛肉汤面,川味,香辣|鲜香,一个人吃|深夜加餐,夜宵安慰|下饭解馋,汤面|暖胃|香辣|一人食|解馋,中等预算,22,简单,牛肉片|面条|青菜|高汤,1,0,中等,带一点刺激感，适合想热乎又想过瘾的时候。
213,味噌牛肉汤面,日式,鲜香|家常,一个人吃|双人晚餐,均衡饮食|夜宵安慰,汤面|暖胃|治愈|一人食|热乎,中等预算,25,中等,牛肉片|面条|青菜|高汤,0,0,中等,汤底更厚一点，适合下班后慢慢吃一碗。
214,胡椒牛肉汤面,港式,鲜香|重口,一个人吃|深夜加餐,均衡饮食|下饭解馋,汤面|暖胃|热乎|一人食|快手,中等预算,20,简单,牛肉片|面条|青菜|高汤,0,0,中等,胡椒香会让整碗面更提气，适合天凉时来一碗。
215,菌菇牛肉汤面,家常,清淡|鲜香,一个人吃|健身准备餐,均衡饮食|希望多素食,汤面|暖胃|素食友好|一人食|轻负担,低预算,20,简单,牛肉片|面条|青菜|高汤,0,0,低,口感温和而且没负担，适合想吃素一点的时候。
216,番茄蘑菇汤面,家常,鲜香|清淡,一个人吃|深夜加餐,均衡饮食|夜宵安慰,汤面|暖胃|一人食|快手|清爽,低预算,18,简单,蘑菇|面条|青菜|高汤,0,1,低,酸香温和，适合胃口不大却想吃热一点的时候。
217,酸辣蘑菇汤面,川味,香辣|鲜香,一个人吃|深夜加餐,夜宵安慰|下饭解馋,汤面|暖胃|香辣|一人食|解馋,中等预算,22,简单,蘑菇|面条|青菜|高汤,1,1,中等,带一点刺激感，适合想热乎又想过瘾的时候。
218,味噌蘑菇汤面,日式,鲜香|家常,一个人吃|双人晚餐,均衡饮食|夜宵安慰,汤面|暖胃|治愈|一人食|热乎,中等预算,25,中等,蘑菇|面条|青菜|高汤,0,1,中等,汤底更厚一点，适合下班后慢慢吃一碗。
219,胡椒蘑菇汤面,港式,鲜香|重口,一个人吃|深夜加餐,均衡饮食|下饭解馋,汤面|暖胃|热乎|一人食|快手,中等预算,20,简单,蘑菇|面条|青菜|高汤,0,1,中等,胡椒香会让整碗面更提气，适合天凉时来一碗。
220,菌菇蘑菇汤面,家常,清淡|鲜香,一个人吃|健身准备餐,均衡饮食|希望多素食,汤面|暖胃|素食友好|一人食|轻负担,低预算,20,简单,蘑菇|面条|青菜|高汤,0,1,低,口感温和而且没负担，适合想吃素一点的时候。
221,菌菇豆乳鸡肉锅,日式,清淡|鲜香,双人晚餐|家庭晚餐,均衡饮食|希望多素食,汤锅|暖胃|清淡|双人|素食友好,中等预算,35,中等,鸡腿肉|白菜|豆腐|高汤,0,0,低,柔和又顺口，适合想吃得温和一点的晚上。
222,番茄奶油鸡肉锅,西式,奶香|鲜香,双人晚餐|家庭晚餐,均衡饮食|夜宵安慰,汤锅|暖胃|奶香|双人|治愈,中等预算,30,简单,鸡腿肉|白菜|豆腐|高汤,0,0,中等,奶香和酸香都比较柔和，适合慢慢分享。
223,藤椒鸡肉锅,川式,香辣|鲜香,朋友聚餐|双人晚餐,朋友聚餐|下饭解馋,汤锅|热乎|香辣|聚餐|解馋,高预算,30,中等,鸡腿肉|白菜|豆腐|高汤,1,0,中等,香气更跳一点，适合想把氛围拉起来的时候。
224,酸菜鸡肉锅,家常,家常|鲜香,家庭晚餐|双人晚餐,均衡饮食|夜宵安慰,汤锅|暖胃|家常|家庭|热乎,中等预算,40,中等,鸡腿肉|白菜|豆腐|高汤,0,0,中等,很有家常感，适合天气凉的时候围着吃。
225,胡椒猪肚鸡肉锅,粤式,鲜香|重口,双人晚餐|家庭晚餐,均衡饮食|夜宵安慰,汤锅|暖胃|热乎|双人|治愈,高预算,45,中等,鸡腿肉|白菜|豆腐|高汤,0,0,中等,胡椒香很足，适合想吃得暖和又有存在感的时候。
226,菌菇豆乳海鲜锅,日式,清淡|鲜香,双人晚餐|家庭晚餐,均衡饮食|希望多素食,汤锅|暖胃|清淡|双人|素食友好,中等预算,35,中等,虾|蛤蜊|豆腐|高汤,0,0,低,柔和又顺口，适合想吃得温和一点的晚上。
227,番茄奶油海鲜锅,西式,奶香|鲜香,双人晚餐|家庭晚餐,均衡饮食|夜宵安慰,汤锅|暖胃|奶香|双人|治愈,中等预算,30,简单,虾|蛤蜊|豆腐|高汤,0,0,中等,奶香和酸香都比较柔和，适合慢慢分享。
228,藤椒海鲜锅,川式,香辣|鲜香,朋友聚餐|双人晚餐,朋友聚餐|下饭解馋,汤锅|热乎|香辣|聚餐|解馋,高预算,30,中等,虾|蛤蜊|豆腐|高汤,1,0,中等,香气更跳一点，适合想把氛围拉起来的时候。
229,酸菜海鲜锅,家常,家常|鲜香,家庭晚餐|双人晚餐,均衡饮食|夜宵安慰,汤锅|暖胃|家常|家庭|热乎,中等预算,40,中等,虾|蛤蜊|豆腐|高汤,0,0,中等,很有家常感，适合天气凉的时候围着吃。
230,胡椒猪肚海鲜锅,粤式,鲜香|重口,双人晚餐|家庭晚餐,均衡饮食|夜宵安慰,汤锅|暖胃|热乎|双人|治愈,高预算,45,中等,虾|蛤蜊|豆腐|高汤,0,0,中等,胡椒香很足，适合想吃得暖和又有存在感的时候。
231,牛油果班尼迪克蛋,早午餐,奶香|清淡,早餐|双人晚餐,高蛋白增肌|均衡饮食,早午餐|精致|高蛋白|双人|轻食,高预算,18,简单,鸡蛋|英式松饼|火腿|荷兰酱,0,0,中等,看起来会更有周末感，适合慢悠悠吃一顿。
232,烟熏班尼迪克蛋,西式,鲜香|奶香,早餐|下午茶,均衡饮食|夜宵安慰,早午餐|咖啡搭子|精致|双人|稳妥,中等预算,15,简单,鸡蛋|英式松饼|火腿|荷兰酱,0,0,中等,味道比较成熟稳妥，适合搭一杯咖啡。
233,草莓班尼迪克蛋,轻食,果香|甜香,早餐|一个人吃,均衡饮食|减脂清爽,早午餐|治愈|一人食|快手|咖啡搭子,低预算,10,简单,鸡蛋|英式松饼|火腿|荷兰酱,0,0,低,更轻快一点，适合早上想吃甜一点的时候。
234,牛油果法吐拼盘,早午餐,奶香|清淡,早餐|双人晚餐,高蛋白增肌|均衡饮食,早午餐|精致|高蛋白|双人|轻食,高预算,18,简单,吐司|鸡蛋|牛奶|水果,0,1,中等,看起来会更有周末感，适合慢悠悠吃一顿。
235,烟熏法吐拼盘,西式,鲜香|奶香,早餐|下午茶,均衡饮食|夜宵安慰,早午餐|咖啡搭子|精致|双人|稳妥,中等预算,15,简单,吐司|鸡蛋|牛奶|水果,0,1,中等,味道比较成熟稳妥，适合搭一杯咖啡。
236,草莓法吐拼盘,轻食,果香|甜香,早餐|一个人吃,均衡饮食|减脂清爽,早午餐|治愈|一人食|快手|咖啡搭子,低预算,10,简单,吐司|鸡蛋|牛奶|水果,0,1,低,更轻快一点，适合早上想吃甜一点的时候。
237,牛油果贝果三明治,早午餐,奶香|清淡,早餐|双人晚餐,高蛋白增肌|均衡饮食,早午餐|精致|高蛋白|双人|轻食,高预算,18,简单,贝果|生菜|鸡蛋|芝士,0,0,中等,看起来会更有周末感，适合慢悠悠吃一顿。
238,烟熏贝果三明治,西式,鲜香|奶香,早餐|下午茶,均衡饮食|夜宵安慰,早午餐|咖啡搭子|精致|双人|稳妥,中等预算,15,简单,贝果|生菜|鸡蛋|芝士,0,0,中等,味道比较成熟稳妥，适合搭一杯咖啡。
239,草莓贝果三明治,轻食,果香|甜香,早餐|一个人吃,均衡饮食|减脂清爽,早午餐|治愈|一人食|快手|咖啡搭子,低预算,10,简单,贝果|生菜|鸡蛋|芝士,0,0,低,更轻快一点，适合早上想吃甜一点的时候。
240,牛油果玉米蛋饼,早午餐,奶香|清淡,早餐|双人晚餐,高蛋白增肌|均衡饮食,早午餐|精致|高蛋白|双人|轻食,高预算,18,简单,鸡蛋|玉米|牛奶|黑胡椒,0,1,中等,看起来会更有周末感，适合慢悠悠吃一顿。
241,烟熏玉米蛋饼,西式,鲜香|奶香,早餐|下午茶,均衡饮食|夜宵安慰,早午餐|咖啡搭子|精致|双人|稳妥,中等预算,15,简单,鸡蛋|玉米|牛奶|黑胡椒,0,1,中等,味道比较成熟稳妥，适合搭一杯咖啡。
242,草莓玉米蛋饼,轻食,果香|甜香,早餐|一个人吃,均衡饮食|减脂清爽,早午餐|治愈|一人食|快手|咖啡搭子,低预算,10,简单,鸡蛋|玉米|牛奶|黑胡椒,0,1,低,更轻快一点，适合早上想吃甜一点的时候。
243,牛油果酸奶果麦杯,早午餐,奶香|清淡,早餐|双人晚餐,高蛋白增肌|均衡饮食,早午餐|精致|高蛋白|双人|轻食,高预算,18,简单,酸奶|燕麦|水果|坚果,0,1,中等,看起来会更有周末感，适合慢悠悠吃一顿。
244,烟熏酸奶果麦杯,西式,鲜香|奶香,早餐|下午茶,均衡饮食|夜宵安慰,早午餐|咖啡搭子|精致|双人|稳妥,中等预算,15,简单,酸奶|燕麦|水果|坚果,0,1,中等,味道比较成熟稳妥，适合搭一杯咖啡。
245,草莓酸奶果麦杯,轻食,果香|甜香,早餐|一个人吃,均衡饮食|减脂清爽,早午餐|治愈|一人食|快手|咖啡搭子,低预算,10,简单,酸奶|燕麦|水果|坚果,0,1,低,更轻快一点，适合早上想吃甜一点的时候。
246,草莓奶冻杯,甜品,果香|甜香,下午茶|一个人吃,均衡饮食|夜宵安慰,甜品|下午茶|治愈|一人食|清爽,低预算,20,简单,牛奶|吉利丁|糖|淡奶油,0,1,中等,酸甜感会更明显，适合下午想吃点轻甜的时候。
247,抹茶奶冻杯,甜品,奶香|甜香,下午茶|一个人吃,均衡饮食|夜宵安慰,甜品|下午茶|茶点|一人食|治愈,中等预算,30,简单,牛奶|吉利丁|糖|淡奶油,0,1,中等,茶香会让甜感更柔和，适合慢慢吃。
248,芒果奶冻杯,港式甜品,果香|奶香,下午茶|朋友聚餐,均衡饮食|朋友聚餐,甜品|下午茶|果香|分享|清爽,中等预算,18,简单,牛奶|吉利丁|糖|淡奶油,0,1,中等,水果感比较明亮，适合多人一起分享。
249,焦糖奶冻杯,甜品,奶香|甜香,下午茶|一个人吃,均衡饮食|夜宵安慰,甜品|下午茶|治愈|仪式感|一人食,中等预算,22,简单,牛奶|吉利丁|糖|淡奶油,0,1,高,焦糖香会更有安慰感，适合奖励自己。
250,柠檬奶冻杯,烘焙,酸甜|奶香,下午茶|一个人吃,均衡饮食|减脂清爽,甜品|下午茶|咖啡搭子|一人食|清爽,低预算,25,简单,牛奶|吉利丁|糖|淡奶油,0,1,中等,酸香会让整体更轻快，不会太腻。
251,草莓慕斯杯,甜品,果香|甜香,下午茶|一个人吃,均衡饮食|夜宵安慰,甜品|下午茶|治愈|一人食|清爽,低预算,20,简单,淡奶油|酸奶|水果|糖,0,1,中等,酸甜感会更明显，适合下午想吃点轻甜的时候。
252,抹茶慕斯杯,甜品,奶香|甜香,下午茶|一个人吃,均衡饮食|夜宵安慰,甜品|下午茶|茶点|一人食|治愈,中等预算,30,简单,淡奶油|酸奶|水果|糖,0,1,中等,茶香会让甜感更柔和，适合慢慢吃。
253,芒果慕斯杯,港式甜品,果香|奶香,下午茶|朋友聚餐,均衡饮食|朋友聚餐,甜品|下午茶|果香|分享|清爽,中等预算,18,简单,淡奶油|酸奶|水果|糖,0,1,中等,水果感比较明亮，适合多人一起分享。
254,焦糖慕斯杯,甜品,奶香|甜香,下午茶|一个人吃,均衡饮食|夜宵安慰,甜品|下午茶|治愈|仪式感|一人食,中等预算,22,简单,淡奶油|酸奶|水果|糖,0,1,高,焦糖香会更有安慰感，适合奖励自己。
255,柠檬慕斯杯,烘焙,酸甜|奶香,下午茶|一个人吃,均衡饮食|减脂清爽,甜品|下午茶|咖啡搭子|一人食|清爽,低预算,25,简单,淡奶油|酸奶|水果|糖,0,1,中等,酸香会让整体更轻快，不会太腻。
256,草莓千层蛋糕,甜品,果香|甜香,下午茶|一个人吃,均衡饮食|夜宵安慰,甜品|下午茶|治愈|一人食|清爽,低预算,20,简单,鸡蛋|低筋面粉|奶油|糖,0,1,中等,酸甜感会更明显，适合下午想吃点轻甜的时候。
257,抹茶千层蛋糕,甜品,奶香|甜香,下午茶|一个人吃,均衡饮食|夜宵安慰,甜品|下午茶|茶点|一人食|治愈,中等预算,30,简单,鸡蛋|低筋面粉|奶油|糖,0,1,中等,茶香会让甜感更柔和，适合慢慢吃。
258,芒果千层蛋糕,港式甜品,果香|奶香,下午茶|朋友聚餐,均衡饮食|朋友聚餐,甜品|下午茶|果香|分享|清爽,中等预算,18,简单,鸡蛋|低筋面粉|奶油|糖,0,1,中等,水果感比较明亮，适合多人一起分享。
259,焦糖千层蛋糕,甜品,奶香|甜香,下午茶|一个人吃,均衡饮食|夜宵安慰,甜品|下午茶|治愈|仪式感|一人食,中等预算,22,简单,鸡蛋|低筋面粉|奶油|糖,0,1,高,焦糖香会更有安慰感，适合奖励自己。
260,柠檬千层蛋糕,烘焙,酸甜|奶香,下午茶|一个人吃,均衡饮食|减脂清爽,甜品|下午茶|咖啡搭子|一人食|清爽,低预算,25,简单,鸡蛋|低筋面粉|奶油|糖,0,1,中等,酸香会让整体更轻快，不会太腻。
261,草莓布朗尼,甜品,果香|甜香,下午茶|一个人吃,均衡饮食|夜宵安慰,甜品|下午茶|治愈|一人食|清爽,低预算,20,简单,巧克力|黄油|鸡蛋|面粉,0,1,中等,酸甜感会更明显，适合下午想吃点轻甜的时候。
262,抹茶布朗尼,甜品,奶香|甜香,下午茶|一个人吃,均衡饮食|夜宵安慰,甜品|下午茶|茶点|一人食|治愈,中等预算,30,简单,巧克力|黄油|鸡蛋|面粉,0,1,中等,茶香会让甜感更柔和，适合慢慢吃。
263,芒果布朗尼,港式甜品,果香|奶香,下午茶|朋友聚餐,均衡饮食|朋友聚餐,甜品|下午茶|果香|分享|清爽,中等预算,18,简单,巧克力|黄油|鸡蛋|面粉,0,1,中等,水果感比较明亮，适合多人一起分享。
264,焦糖布朗尼,甜品,奶香|甜香,下午茶|一个人吃,均衡饮食|夜宵安慰,甜品|下午茶|治愈|仪式感|一人食,中等预算,22,简单,巧克力|黄油|鸡蛋|面粉,0,1,高,焦糖香会更有安慰感，适合奖励自己。
265,柠檬布朗尼,烘焙,酸甜|奶香,下午茶|一个人吃,均衡饮食|减脂清爽,甜品|下午茶|咖啡搭子|一人食|清爽,低预算,25,简单,巧克力|黄油|鸡蛋|面粉,0,1,中等,酸香会让整体更轻快，不会太腻。
266,草莓冰淇淋杯,甜品,果香|甜香,下午茶|一个人吃,均衡饮食|夜宵安慰,甜品|下午茶|治愈|一人食|清爽,低预算,20,简单,冰淇淋|坚果|酱料|水果,0,1,中等,酸甜感会更明显，适合下午想吃点轻甜的时候。
267,抹茶冰淇淋杯,甜品,奶香|甜香,下午茶|一个人吃,均衡饮食|夜宵安慰,甜品|下午茶|茶点|一人食|治愈,中等预算,30,简单,冰淇淋|坚果|酱料|水果,0,1,中等,茶香会让甜感更柔和，适合慢慢吃。
268,芒果冰淇淋杯,港式甜品,果香|奶香,下午茶|朋友聚餐,均衡饮食|朋友聚餐,甜品|下午茶|果香|分享|清爽,中等预算,18,简单,冰淇淋|坚果|酱料|水果,0,1,中等,水果感比较明亮，适合多人一起分享。
269,焦糖冰淇淋杯,甜品,奶香|甜香,下午茶|一个人吃,均衡饮食|夜宵安慰,甜品|下午茶|治愈|仪式感|一人食,中等预算,22,简单,冰淇淋|坚果|酱料|水果,0,1,高,焦糖香会更有安慰感，适合奖励自己。
270,柠檬冰淇淋杯,烘焙,酸甜|奶香,下午茶|一个人吃,均衡饮食|减脂清爽,甜品|下午茶|咖啡搭子|一人食|清爽,低预算,25,简单,冰淇淋|坚果|酱料|水果,0,1,中等,酸香会让整体更轻快，不会太腻。
271,柚香美式,饮品,果香|清淡,下午茶|夏日午后,均衡饮食|减脂清爽,饮品|清爽|提神|夏日|快手,低预算,6,简单,浓缩咖啡|水|冰块|柠檬片,0,1,低,很清爽，适合下午想打起精神的时候。
272,海盐焦糖美式,饮品,奶香|甜香,下午茶|一个人吃,均衡饮食|夜宵安慰,饮品|治愈|奶香|咖啡搭子|快手,中等预算,8,简单,浓缩咖啡|水|冰块|柠檬片,0,1,中等,甜咸平衡会更有安慰感，适合想放松一下。
273,茉莉葡萄美式,饮品,果香|清淡,下午茶|夏日午后,均衡饮食|减脂清爽,饮品|果香|清爽|提神|夏日,中等预算,7,简单,浓缩咖啡|水|冰块|柠檬片,0,1,低,花果香都比较轻盈，适合不想喝太甜的时候。
274,桂花红枣美式,饮品,奶香|甜香,冬日夜晚|一个人吃,均衡饮食|夜宵安慰,饮品|暖胃|治愈|热乎|一人食,中等预算,10,简单,浓缩咖啡|水|冰块|柠檬片,0,1,中等,暖暖的一杯很适合情绪低一点或者天凉的时候。
275,柚香拿铁,饮品,果香|清淡,下午茶|夏日午后,均衡饮食|减脂清爽,饮品|清爽|提神|夏日|快手,低预算,6,简单,浓缩咖啡|牛奶|冰块|糖浆,0,1,低,很清爽，适合下午想打起精神的时候。
276,海盐焦糖拿铁,饮品,奶香|甜香,下午茶|一个人吃,均衡饮食|夜宵安慰,饮品|治愈|奶香|咖啡搭子|快手,中等预算,8,简单,浓缩咖啡|牛奶|冰块|糖浆,0,1,中等,甜咸平衡会更有安慰感，适合想放松一下。
277,茉莉葡萄拿铁,饮品,果香|清淡,下午茶|夏日午后,均衡饮食|减脂清爽,饮品|果香|清爽|提神|夏日,中等预算,7,简单,浓缩咖啡|牛奶|冰块|糖浆,0,1,低,花果香都比较轻盈，适合不想喝太甜的时候。
278,桂花红枣拿铁,饮品,奶香|甜香,冬日夜晚|一个人吃,均衡饮食|夜宵安慰,饮品|暖胃|治愈|热乎|一人食,中等预算,10,简单,浓缩咖啡|牛奶|冰块|糖浆,0,1,中等,暖暖的一杯很适合情绪低一点或者天凉的时候。
279,柚香气泡饮,饮品,果香|清淡,下午茶|夏日午后,均衡饮食|减脂清爽,饮品|清爽|提神|夏日|快手,低预算,6,简单,气泡水|水果汁|冰块|薄荷,0,1,低,很清爽，适合下午想打起精神的时候。
280,海盐焦糖气泡饮,饮品,奶香|甜香,下午茶|一个人吃,均衡饮食|夜宵安慰,饮品|治愈|奶香|咖啡搭子|快手,中等预算,8,简单,气泡水|水果汁|冰块|薄荷,0,1,中等,甜咸平衡会更有安慰感，适合想放松一下。
281,茉莉葡萄气泡饮,饮品,果香|清淡,下午茶|夏日午后,均衡饮食|减脂清爽,饮品|果香|清爽|提神|夏日,中等预算,7,简单,气泡水|水果汁|冰块|薄荷,0,1,低,花果香都比较轻盈，适合不想喝太甜的时候。
282,桂花红枣气泡饮,饮品,奶香|甜香,冬日夜晚|一个人吃,均衡饮食|夜宵安慰,饮品|暖胃|治愈|热乎|一人食,中等预算,10,简单,气泡水|水果汁|冰块|薄荷,0,1,中等,暖暖的一杯很适合情绪低一点或者天凉的时候。
283,柚香冷泡茶,饮品,果香|清淡,下午茶|夏日午后,均衡饮食|减脂清爽,饮品|清爽|提神|夏日|快手,低预算,6,简单,茶叶|水果|冰块|蜂蜜,0,1,低,很清爽，适合下午想打起精神的时候。
284,海盐焦糖冷泡茶,饮品,奶香|甜香,下午茶|一个人吃,均衡饮食|夜宵安慰,饮品|治愈|奶香|咖啡搭子|快手,中等预算,8,简单,茶叶|水果|冰块|蜂蜜,0,1,中等,甜咸平衡会更有安慰感，适合想放松一下。
285,茉莉葡萄冷泡茶,饮品,果香|清淡,下午茶|夏日午后,均衡饮食|减脂清爽,饮品|果香|清爽|提神|夏日,中等预算,7,简单,茶叶|水果|冰块|蜂蜜,0,1,低,花果香都比较轻盈，适合不想喝太甜的时候。
286,桂花红枣冷泡茶,饮品,奶香|甜香,冬日夜晚|一个人吃,均衡饮食|夜宵安慰,饮品|暖胃|治愈|热乎|一人食,中等预算,10,简单,茶叶|水果|冰块|蜂蜜,0,1,中等,暖暖的一杯很适合情绪低一点或者天凉的时候。
287,柚香奶昔,饮品,果香|清淡,下午茶|夏日午后,均衡饮食|减脂清爽,饮品|清爽|提神|夏日|快手,低预算,6,简单,牛奶|水果|酸奶|冰块,0,1,低,很清爽，适合下午想打起精神的时候。
288,海盐焦糖奶昔,饮品,奶香|甜香,下午茶|一个人吃,均衡饮食|夜宵安慰,饮品|治愈|奶香|咖啡搭子|快手,中等预算,8,简单,牛奶|水果|酸奶|冰块,0,1,中等,甜咸平衡会更有安慰感，适合想放松一下。
289,茉莉葡萄奶昔,饮品,果香|清淡,下午茶|夏日午后,均衡饮食|减脂清爽,饮品|果香|清爽|提神|夏日,中等预算,7,简单,牛奶|水果|酸奶|冰块,0,1,低,花果香都比较轻盈，适合不想喝太甜的时候。
290,桂花红枣奶昔,饮品,奶香|甜香,冬日夜晚|一个人吃,均衡饮食|夜宵安慰,饮品|暖胃|治愈|热乎|一人食,中等预算,10,简单,牛奶|水果|酸奶|冰块,0,1,中等,暖暖的一杯很适合情绪低一点或者天凉的时候。
291,火腿芝士卷,烘焙,咸香|奶香,下午茶|朋友聚餐,均衡饮食|夜宵安慰,咸点心|下午茶|奶香|分享|咖啡搭子,中等预算,30,简单,火腿|芝士|面团|黄油,0,0,中等,咸口更耐吃，也很适合下午和朋友一起分着吃。
292,玉米咸松饼,烘焙,咸香|奶香,下午茶|朋友聚餐,均衡饮食|夜宵安慰,咸点心|下午茶|奶香|分享|咖啡搭子,中等预算,30,简单,玉米|鸡蛋|面粉|黄油,0,1,中等,咸口更耐吃，也很适合下午和朋友一起分着吃。
293,蘑菇乳酪塔,烘焙,咸香|奶香,下午茶|朋友聚餐,均衡饮食|夜宵安慰,咸点心|下午茶|奶香|分享|咖啡搭子,中等预算,30,简单,蘑菇|奶油奶酪|蛋挞皮|鸡蛋,0,1,中等,咸口更耐吃，也很适合下午和朋友一起分着吃。
294,培根司康,烘焙,咸香|奶香,下午茶|朋友聚餐,均衡饮食|夜宵安慰,咸点心|下午茶|奶香|分享|咖啡搭子,中等预算,30,简单,培根|黄油|低筋面粉|牛奶,0,0,中等,咸口更耐吃，也很适合下午和朋友一起分着吃。
295,菠菜芝士挞,烘焙,咸香|奶香,下午茶|朋友聚餐,均衡饮食|夜宵安慰,咸点心|下午茶|奶香|分享|咖啡搭子,中等预算,30,简单,菠菜|芝士|鸡蛋|挞皮,0,1,中等,咸口更耐吃，也很适合下午和朋友一起分着吃。
296,南瓜豆乳浓汤,汤品,清淡|鲜香,下午茶|双人晚餐,均衡饮食|夜宵安慰,汤品|暖胃|奶香|轻食|治愈,低预算,20,简单,南瓜|豆乳|洋葱|黑胡椒,0,1,低,香气温和，很适合作为一顿饭前后的暖胃小汤。
297,番茄蔬菜汤,汤品,清淡|鲜香,一个人吃|深夜加餐,均衡饮食|希望多素食,汤品|暖胃|清淡|一人食|轻负担,低预算,18,简单,番茄|卷心菜|胡萝卜|洋葱,0,1,低,整体比较轻，不会给身体太多负担。
298,蘑菇奶油汤,汤品,清淡|鲜香,一个人吃|家庭晚餐,均衡饮食|夜宵安慰,汤品|治愈|家常|一人食|热乎,中等预算,25,简单,蘑菇|牛奶|洋葱|黄油,0,1,低,很有家常感，适合想喝点热汤安静一下。
299,鸡丝玉米汤,汤品,清淡|鲜香,一个人吃|健身准备餐,高蛋白增肌|均衡饮食,汤品|高蛋白|暖胃|一人食|快手,中等预算,15,简单,鸡丝|玉米|鸡蛋|高汤,0,0,低,比较适合想补点蛋白又不想做太复杂的时候。
300,海带豆腐汤,汤品,清淡|鲜香,一个人吃|健身准备餐,均衡饮食|希望多素食,汤品|素食友好|暖胃|一人食|清爽,低预算,15,简单,海带|豆腐|葱花|高汤,0,1,低,适合想让一餐更轻一点的时候。
301,鸡肉帕尼尼,轻食,鲜香|清淡,一个人吃|下午茶,均衡饮食|高蛋白增肌,轻正餐|清爽|高蛋白|一人食|快手,中等预算,18,简单,鸡肉|面包|芝士|生菜,0,0,低,更像轻松的一顿正餐，适合中午或下午不想吃太重的时候。
302,牛油果吐司盘,轻食,鲜香|清淡,一个人吃|下午茶,均衡饮食|高蛋白增肌,轻正餐|清爽|高蛋白|一人食|快手,中等预算,18,简单,牛油果|吐司|鸡蛋|黑胡椒,0,0,低,更像轻松的一顿正餐，适合中午或下午不想吃太重的时候。
303,金枪鱼脆饼盘,轻食,鲜香|清淡,一个人吃|下午茶,均衡饮食|高蛋白增肌,轻正餐|清爽|高蛋白|一人食|快手,中等预算,18,简单,金枪鱼|苏打饼|酸奶酱|生菜,0,0,低,更像轻松的一顿正餐，适合中午或下午不想吃太重的时候。
304,香草鸡肉卷,轻食,鲜香|清淡,一个人吃|下午茶,均衡饮食|高蛋白增肌,轻正餐|清爽|高蛋白|一人食|快手,中等预算,18,简单,鸡肉|卷饼|生菜|酱汁,0,0,低,更像轻松的一顿正餐，适合中午或下午不想吃太重的时候。
305,鹰嘴豆烤蔬盘,轻食,鲜香|清淡,一个人吃|下午茶,均衡饮食|高蛋白增肌,轻正餐|清爽|高蛋白|一人食|快手,中等预算,18,简单,鹰嘴豆|南瓜|西蓝花|油醋汁,0,1,低,更像轻松的一顿正餐，适合中午或下午不想吃太重的时候。
306,芝士玉米焗薯,热食,奶香|鲜香,朋友聚餐|双人晚餐,夜宵安慰|朋友聚餐,热食|治愈|分享|聚餐|奶香,中等预算,25,简单,土豆|玉米|芝士|牛奶,0,1,中等,热乎又适合分享，比较适合作为聚会时的加分小热食。
307,黄油蘑菇焗盘,热食,奶香|鲜香,朋友聚餐|双人晚餐,夜宵安慰|朋友聚餐,热食|治愈|分享|聚餐|奶香,中等预算,25,简单,蘑菇|黄油|芝士|欧芹,0,1,中等,热乎又适合分享，比较适合作为聚会时的加分小热食。
308,蒜香烤鸡块,热食,奶香|鲜香,朋友聚餐|双人晚餐,夜宵安慰|朋友聚餐,热食|治愈|分享|聚餐|奶香,中等预算,25,简单,鸡腿肉|蒜|橄榄油|迷迭香,0,0,中等,热乎又适合分享，比较适合作为聚会时的加分小热食。
309,黑椒芝士烤虾,热食,奶香|鲜香,朋友聚餐|双人晚餐,夜宵安慰|朋友聚餐,热食|治愈|分享|聚餐|奶香,中等预算,25,简单,虾|芝士|黑胡椒|蒜,0,0,中等,热乎又适合分享，比较适合作为聚会时的加分小热食。
310,南瓜芝士焗饭球,热食,奶香|鲜香,朋友聚餐|双人晚餐,夜宵安慰|朋友聚餐,热食|治愈|分享|聚餐|奶香,中等预算,25,简单,南瓜|米饭|芝士|面包糠,0,1,中等,热乎又适合分享，比较适合作为聚会时的加分小热食。
311,麻酱鸡丝黄瓜,冷盘,鲜香|蒜香,朋友聚餐|家庭晚餐,均衡饮食|朋友聚餐,冷盘|清爽|分享|聚餐|解腻,低预算,15,简单,鸡丝|黄瓜|芝麻酱|蒜,0,0,低,适合搭配热菜一起吃，会让整桌的口感更丰富。
312,柠香木耳拌菜,冷盘,鲜香|蒜香,朋友聚餐|家庭晚餐,均衡饮食|朋友聚餐,冷盘|清爽|分享|聚餐|解腻,低预算,15,简单,木耳|黄瓜|柠檬汁|香菜,0,1,低,适合搭配热菜一起吃，会让整桌的口感更丰富。
313,蒜泥白肉卷,冷盘,鲜香|蒜香,朋友聚餐|家庭晚餐,均衡饮食|朋友聚餐,冷盘|清爽|分享|聚餐|解腻,低预算,15,简单,猪肉片|黄瓜|蒜泥|辣油,1,0,低,适合搭配热菜一起吃，会让整桌的口感更丰富。
314,凉拌海带豆腐,冷盘,鲜香|蒜香,朋友聚餐|家庭晚餐,均衡饮食|朋友聚餐,冷盘|清爽|分享|聚餐|解腻,低预算,15,简单,海带|豆腐|芝麻|香醋,0,1,低,适合搭配热菜一起吃，会让整桌的口感更丰富。
315,红油土豆片,冷盘,鲜香|蒜香,朋友聚餐|家庭晚餐,均衡饮食|朋友聚餐,冷盘|清爽|分享|聚餐|解腻,低预算,15,简单,土豆|辣油|蒜|香菜,1,1,低,适合搭配热菜一起吃，会让整桌的口感更丰富。
316,芝士年糕杯,夜宵,重口|鲜香,深夜加餐|一个人吃,夜宵安慰|下饭解馋,夜宵|解馋|治愈|一人食|热乎,中等预算,15,简单,年糕|芝士|牛奶|辣酱,1,1,中等,很适合晚上嘴馋的时候来一点，满足感会来得比较快。
317,酱油炒乌冬,夜宵,重口|鲜香,深夜加餐|一个人吃,夜宵安慰|下饭解馋,夜宵|解馋|治愈|一人食|热乎,中等预算,15,简单,乌冬面|洋葱|酱油|鸡蛋,0,1,中等,很适合晚上嘴馋的时候来一点，满足感会来得比较快。
318,蒜香煎饺盘,夜宵,重口|鲜香,深夜加餐|一个人吃,夜宵安慰|下饭解馋,夜宵|解馋|治愈|一人食|热乎,中等预算,15,简单,速冻饺子|蒜油|芝麻|葱,0,0,中等,很适合晚上嘴馋的时候来一点，满足感会来得比较快。
319,泡菜芝士炒饭,夜宵,重口|鲜香,深夜加餐|一个人吃,夜宵安慰|下饭解馋,夜宵|解馋|治愈|一人食|热乎,中等预算,15,简单,米饭|泡菜|芝士|海苔,1,1,中等,很适合晚上嘴馋的时候来一点，满足感会来得比较快。
320,牛肉小火锅杯,夜宵,重口|鲜香,深夜加餐|一个人吃,夜宵安慰|下饭解馋,夜宵|解馋|治愈|一人食|热乎,中等预算,15,简单,肥牛|粉丝|金针菇|高汤,0,0,中等,很适合晚上嘴馋的时候来一点，满足感会来得比较快。
321,香蕉燕麦曲奇,烘焙,奶香|甜香,下午茶|一个人吃,均衡饮食|夜宵安慰,甜点心|咖啡搭子|治愈|一人食|下午茶,低预算,25,简单,香蕉|燕麦|黄油|鸡蛋,0,1,中等,份量比较轻巧，很适合配茶或咖啡慢慢吃。
322,可可麻薯球,烘焙,奶香|甜香,下午茶|一个人吃,均衡饮食|夜宵安慰,甜点心|咖啡搭子|治愈|一人食|下午茶,低预算,25,简单,可可粉|麻薯|牛奶|糖,0,1,中等,份量比较轻巧，很适合配茶或咖啡慢慢吃。
323,柠檬小蛋糕,烘焙,奶香|甜香,下午茶|一个人吃,均衡饮食|夜宵安慰,甜点心|咖啡搭子|治愈|一人食|下午茶,低预算,25,简单,低筋面粉|柠檬皮|鸡蛋|黄油,0,1,中等,份量比较轻巧，很适合配茶或咖啡慢慢吃。
324,莓果奶酥条,烘焙,奶香|甜香,下午茶|一个人吃,均衡饮食|夜宵安慰,甜点心|咖啡搭子|治愈|一人食|下午茶,低预算,25,简单,黄油|面粉|莓果酱|糖,0,1,中等,份量比较轻巧，很适合配茶或咖啡慢慢吃。
325,红茶奶油卷,烘焙,奶香|甜香,下午茶|一个人吃,均衡饮食|夜宵安慰,甜点心|咖啡搭子|治愈|一人食|下午茶,低预算,25,简单,红茶粉|奶油|蛋糕卷|糖,0,1,中等,份量比较轻巧，很适合配茶或咖啡慢慢吃。
